aurobindo,அரோபிந்தோ,<PAD> <SOS> ழ ஞ ஃ ட ி ி ஈ
pirandhana,பிறந்தன,ட ஓ ி <UNK>
paantvitth,பாண்ட்விட்த்,ஈ ட ி ஓ ி <UNK> ழ <SOS> ண ண <UNK> <UNK> ஞ ி
payanpaduththavillai,பயன்படுத்தவில்லை,ா ஜ ா ஃ ங ங எ ஈ ீ எ ழ ஞ எ ஓ ழ ஓ ஈ வ ண ௌ உ எ
chithiraip,சித்திரைப்,ஈ ஃ <SOS> ண ஞ ழ ட <UNK> ஞ ஞ ஞ ண
veetak,வேதக்,ழ ஞ <SOS> <PAD> <PAD> ண ண ண
veettirkuch,வீட்டிற்குச்,ட ட ழ ண ஞ ஃ இ ஓ ஓ ஓ
seenivasa,சீனிவாச,ட ி <PAD> ட ழ ழ ஈ ழ ஈ ட ட
siridhalavu,சிறிதளவு,<PAD> ஞ
parappazhavai,பரப்பளவை,ி ி ஜ ஜ ஞ ி <PAD>
kaththirukkakudaathu,காத்திருக்ககூடாது,ஓ ா ங ீ ஈ ீ உ உ ீ ஞ எ <PAD> ஞ ஞ ா ா ா ஈ <UNK> ஜ ீ ஞ
magilchchiyaana,மகிழ்ச்சியான,ஃ எ <SOS>
poarththukkeyar,போர்த்துக்கேயர்,ஃ இ இ இ எ ி
sambrathaaya,சம்பிரதாய,ண <UNK> <UNK> <SOS> ஞ ஃ ஞ எ ஈ <UNK> <UNK> <UNK> எ <SOS>
grover,க்ரோவர்,ஈ ஈ <SOS> <PAD> <UNK> <PAD> <PAD>
caaminaathan,சாமிநாதன்,ி <UNK> ட ட <UNK>
kidanta,கிடந்த,<UNK> <PAD> <SOS> ஞ ழ ழ ழ <UNK> <SOS>
neethu,நீது,<PAD> <PAD> ி <SOS>
nirainthirunthanar,நிறைந்திருந்தனர்,<UNK> ங ீ ி ஃ ே
vimaanangalum,விமானங்களும்,ட ி ண ி ட ழ
beaverton,பெவெர்டன்,ஈ ண ண <SOS> ண ஈ <SOS> <SOS> ட <SOS> ட
shipping,ஷிப்பிங்,<PAD> ி <SOS> ி ி ட <PAD> ஈ ட ண
mudivilaa,முடிவிலா,
eeyaththagadu,ஈயத்தகடு,இ ண இ ி ி ஃ ஃ ஜ ட ஃ ஈ ஈ <PAD> எ எ
miramar,மிரமர்,<UNK> ழ ஞ ஞ ஈ <SOS> ி <SOS>
thirumaalin,திருமாலின்,<PAD> ஞ ஃ ழ எ ி ட ண ண <PAD> <PAD>
nulainthathu,நுழைந்தது,<SOS> ஓ <PAD> <PAD> ஞ ஞ
tuurbauu,டர்போ,ண <PAD> <SOS> ழ
piranthullathu,பிறந்துள்ளது,ட <PAD>
nunmai,நுண்மை,
aalosanai,ஆலோசானை,ஞ <SOS> <SOS> <SOS>
tamizhaiyum,தமிழையும்,<UNK> <PAD> ட ட <UNK> <PAD> ஓ
sarwar,சர்வர்,
piranthapoothu,பிறந்தபோது,<PAD> ஃ
malargalil,மலர்களில்,ட <UNK> ி ஞ <SOS> <SOS> ஃ ஓ <PAD> <SOS> ஈ ஈ
avarkalinaal,அவர்களினால்,ி ண ி ி ட ட எ ஞ ஞ ஃ எ எ ஈ ஈ
becqy,பெக்கி,ஞ <SOS> ண <UNK> ி <UNK> ண ழ
vazhangkunar,வழங்குநர்,ட ழ ட ட
vaanggappadum,வாங்கப்படும்,எ எ எ ி <PAD> ஈ ஃ இ
shores,ஷோர்ஸ்,<SOS> ி <SOS>
siraaj,சிராஜ்,
neeroattaththin,நீரோட்டத்தின்,<SOS> <UNK> ஞ
edhirkkatchi,எதிர்க்கட்சி,<SOS> <SOS> ஞ ஃ <PAD> ஃ <PAD> ஃ ஞ எ <PAD> ஓ <SOS> ட
majeed,மஜீத்,<PAD> ண <SOS> ஞ ி ழ ழ ண
peyaroa,பெயரோ,ழ ஞ ழ ழ <SOS> <SOS> <UNK> <UNK> ழ
panithan,பணித்தான்,ட ஞ ழ
atul,அதுல்,<UNK> ழ <UNK> ண ண <SOS> ி
vimaanangalin,விமானங்களின்,ஃ ஃ ஃ ஈ ஓ <SOS> இ ட ட ஃ <UNK> ண ஈ ழ ண
chozhargalukku,சோழர்களுக்கு,ஈ ஜ <SOS> ஃ <SOS> <SOS> வ எ ண
udaipur,உதய்புர்,ஞ ஞ ஞ ட <UNK> <PAD> ஞ <PAD> ண ண
eenoo,ஏனோ,<PAD>
media,மீடியா,<UNK> ண ண ழ ண
vangiyaalargaludanaana,வங்கியாளர்களுடனான,ஃ ௌ எ ண <PAD> ஜ உ ஒ
thiruththuvatharku,திருத்துவதற்கு,ண
titaniumm,டைட்டானியம்,<PAD>
idharkellaam,இதற்கெல்லாம்,ஞ
pakiirathan,பகீரதன்,ஓ ழ எ ி <UNK> ண
kuutukalil,கூடுகளில்,
vaathanggalai,வாதங்களை,ண எ ண ஓ <SOS> <SOS> ஈ ட இ ஞ இ ஓ ட ட <SOS>
kollaadhavar,கொள்ளாதவர்,<PAD> ட ஃ ஃ <PAD> இ <PAD> எ
idaith,இடைத்,<PAD> ி ி ழ <PAD> ஞ <PAD> <PAD>
thiyaakaraajar,தியாகராஜர்,ஞ <PAD> ஞ ட
accelya,அசில்யா,ழ <SOS> <UNK> <PAD> ஞ ழ ி <PAD> ஈ
vealaiyaaka,வேலையாக,ட ட ட ட ட ண
velaiththittam,வேலைத்திட்டம்,ண ட ி
paek,பேக்,<UNK> <PAD> <UNK>
andar,அண்டர்,ழ
wai,வேய்,<PAD> <PAD> ி <PAD> <UNK> <SOS>
bhusawal,புஸாவால்,ட <UNK> ண ண ஈ ட ஈ ழ <PAD> ட
nilaippaattil,நிலைப்பாட்டில்,
goopee,கோபி,<UNK> ஞ <PAD> ண
arkis,அர்கிஸ்,
maembaalam,மேம்பாலம்,ி ி ி ி <UNK> <UNK> ழ ட ட <PAD> ஞ ட
vechchitteengaley,வெச்சிட்டீங்களே,ி ஈ ட
vaathittu,வாதிட்டு,<PAD> ி ண
cakkarattai,சக்கரத்தை,ண
sonwani,சோன்வானி,<PAD> ஈ ஈ <SOS> ி ஈ <PAD> <SOS> <SOS>
panitthaan,பணித்தான்,<PAD> <UNK> ட ஞ ஈ <PAD> <PAD> ி ி <SOS> <UNK> ட
cranston,கிரான்ஸ்டான்,ட எ ட ி <PAD> <SOS> ஃ ழ <SOS>
jinivaa,ஜினிவா,<UNK> <SOS> <PAD> <PAD> ி ஈ ஞ ண ஈ
kanavanin,கணவனின்,ண ழ <UNK> ழ ழ ி ி
bakthakedigal,பக்தகேடிகள்,ஜ ி ட ஃ <SOS> ஞ <SOS> ழ ட ழ ஓ இ ட இ <PAD>
kulanggalin,குளங்களின்,
parppavar,வேலைப்,
idharkellam,இதற்கெல்லாம்,
adankiyuzhzha,அடங்கியுள்ள,ட <PAD> ழ ஃ <SOS> ஓ எ எ ட ட ட ஈ ட ஜ இ
latchiyaththirgum,இலட்சத்திற்கும்,ஞ <SOS> வ <PAD> <PAD> ஞ <UNK> <UNK> <UNK> <UNK> ஓ இ ஈ ஞ <SOS> ண ண ஈ <UNK>
piridhoru,பிறிதொரு,ண
thanggumidam,தங்குமிடம்,ண ஞ ஞ <UNK> ட ஞ <UNK> <UNK> ஓ ஓ ி ஃ ஞ <UNK>
railway,ரெயில்வே,ி <PAD> ி ண <SOS> <UNK> ண ழ ி ஈ
aerpadavillai,ஏற்படவில்லை,ஈ
vipaththin,விபத்தின்,<PAD> ி <PAD> ஓ ஓ ழ ழ ண ண ஃ ஃ ண
polavo,போலவோ,<PAD> <PAD> ஞ <SOS> <PAD> <SOS> <UNK> <UNK>
maheshh,மகேஷ்,<UNK>
varunthaan,வருந்தான்,ழ ண ட
aanaiya,ஆணைய,<PAD> ி ஈ ஈ <PAD> ஈ <PAD> ண ண
noolum,நூலும்,<UNK> <SOS> <SOS> ண <PAD> ண ஞ
erickson,எரிக்சன்,ஞ ஈ <SOS> <UNK> <PAD> ி <PAD>
aarampiththullathu,ஆரம்பித்துள்ளது,இ இ
asija,அசிஜா,ழ <SOS>
katch,கட்ச்,ி <SOS> <PAD>
maiyamaaka,மையமாக,<PAD> ழ ழ <PAD> ழ ட ண ஓ <PAD> <SOS> ஈ ஈ
kooppaiyil,கோப்பையில்,ண
kuuttankal,கூட்டங்கள்,ண ஈ <SOS> ழ <UNK> ஓ ழ ி <PAD> ஃ <PAD> ஃ
sernthuvittiruntha,சேர்ந்துவிட்டிருந்த,<PAD> ஜ ி <SOS> ஃ ஃ <UNK> ட <SOS> ஓ ஃ ஈ ஓ <PAD> ா ே <PAD> ீ ே ே ட
teta,டாடா,ி <PAD> <PAD> <PAD> ழ ழ
aanaimalai,ஆனைமலை,
yuneskoavin,யுனெஸ்கோவின்,ஓ ஃ <SOS> ட <UNK> <UNK> எ ட ஓ ட <SOS> ஃ எ ழ
varaaga,வராக,<PAD>
vandhirundhanar,வந்திருந்தனர்,ஞ ஃ <SOS> ட ட வ <SOS> <SOS>
rajgarh,ரஜ்கர்,ண ஞ ி <SOS> <UNK>
munnetukka,முன்னெடுக்க,ட ஞ ண ஓ ஓ ஃ
kkul,க்குள்,ழ ஞ <PAD> <SOS> ழ ழ ண <SOS>
kallaala,கல்லால,<PAD> <PAD> ி <UNK> <PAD> ண <SOS> ஈ ண ண
lee,லீ,
thittamittullaar,திட்டமிட்டுள்ளார்,ா இ ண ழ ஃ ஃ வ <PAD> வ ே
thaervil,தேர்வில்,<PAD> <UNK> ி ஞ ண ண ஈ <SOS> <SOS>
muguthuvali,முகுதுவலி,
mansfield,மேன்ஸ்ஃபீல்ட்,<PAD> ஃ
kaiyaal,கையாள்,<PAD> ழ ஞ ண ஞ ஞ ஈ ி ண
aana,ஆன்,<SOS> <PAD> <SOS> <UNK> <PAD>
kudayyil,குடையில்,
sollra,சொல்ற,<PAD> <PAD> ஞ ழ <PAD> <PAD> ி ி
itarsi,இடார்சி,ி ி ழ <UNK> <UNK> <SOS> ஞ <UNK> <UNK>
kirishthavarkalin,கிறித்தவர்களின்,ங ஞ ஞ வ ஜ ட ா ா ங ட ண <UNK> ி ே <PAD> இ இ ட ஃ
adumattumalla,அதுமட்டுமல்ல,ஜ இ ி ஈ ஈ <PAD> ஞ ஜ ழ இ ட ட ட எ ி
shajapur,சஜாபூர்,ஞ ஞ ஞ ஈ ஈ <UNK> <UNK> ஞ <SOS> ஈ
colii,கோலி,<SOS> <SOS> ி ி ி ி
saethamadainththana,சேதமடைந்தன,ஃ ண ஃ எ <PAD> ீ ட ட ட ஓ ஃ <UNK> ா ழ ஓ ஃ ே ங ா ங <SOS>
matriyirunthathaagavum,மாற்றியிருந்ததாகவும்,எ ங ஒ <UNK> ி ண ே ே <PAD> ட ூ ட ஃ ஜ ே ி <UNK> ௌ ண ஃ ே ஞ இ ஈ
shaavai,ஷாவை,<SOS>
panimanai,பணிமனை,<PAD> ஈ ட ண ட ஞ <UNK> <SOS> ஞ ழ ண
saliththollaikaana,சளித்தொல்லைக்கான,<PAD> ஜ ஓ இ <UNK> <PAD> <UNK> ஃ ழ ஜ ஞ <SOS> ழ ஞ ழ ங ஈ ஃ <PAD> ட
chitranshi,சித்ரான்ஷி,ழ ழ <SOS> <UNK>
narampukal,நரம்புகள்,<SOS> <SOS> <PAD> ஓ ஓ ஃ ஃ ண <UNK> ஃ <PAD> <UNK>
andri,அன்றி,<SOS> ழ ண <PAD> <PAD> <SOS> <SOS>
kaithal,கைதல்,ண
ananrtham,அனர்த்தம்,ட ட
cork,கார்க்,ழ ி <PAD> <PAD> ண <SOS> <PAD> <PAD>
beepi,பீபி,<SOS> ண ழ <UNK> ண <UNK> ழ
sasanka,சசாங்கா,ழ
under,அண்டர்,<PAD> <PAD> <UNK> <SOS> ண
yoagaththin,யோகத்தின்,<SOS> ஞ <PAD> ஃ ழ ழ ி <PAD> <UNK> எ <SOS> ி ி
renton,ரெண்டன்,
magaaveer,மகாவீர்,ண <PAD> ஃ ஃ <SOS> ஈ ழ ஈ ஃ ண ண
saashai,சாஸை,<PAD> ி ஞ <PAD> <SOS> <SOS> ி ி ழ
basirhat,பசிர்ஹட்,<PAD> ண ண ழ ழ ஈ <SOS> ஈ <UNK> ண
panigalukkum,பணிகளுக்கும்,ழ ி ஓ ஈ ஈ ஈ ஓ ஃ ஃ ழ ஃ ஓ <SOS> இ
kulamum,குளமும்,<SOS> ஞ ஈ ஈ ஈ ி ி ண ஈ
kayitrril,கயிற்றில்,ண ஈ <UNK> <SOS> <SOS> <SOS> ி ஞ ஈ ஃ ஃ
vilaiyaadudhal,விளையாடுதல்,ஃ ஞ
fitzgerald,பிட்ஸ்ஜெரால்ட்,வ ழ <SOS> ழ <SOS> ஈ வ வ வ <PAD> ஜ ட எ <SOS> <SOS> <SOS>
modern,மாடன்,<PAD> ழ <SOS> <PAD> ழ ஞ ஞ ண
kota,கோடா,<SOS> ழ <UNK> ழ
kartu,சிம்,ழ ழ <UNK> <PAD> ழ <SOS> <SOS>
kalluriyaga,கல்லூரியாக,ஞ ட ண ண ண ி ழ எ எ எ <UNK> ஞ ஓ
iththittathirkku,இத்திட்டத்திற்கு,ஓ ஞ <PAD> <PAD> ஓ ஓ ழ <SOS> இ ஞ ட ட ங வ எ ழ ட ழ
thanithaniyaga,தனித்தனியாக,ஓ ண ட <UNK> ட
kark,கார்க்,
vaelaiyin,வேலையின்,ஈ <UNK> ட ி ஞ ழ ண ஃ ண ஞ ட
maattruvathai,மாற்றுவதை,<UNK> ஓ <PAD> <PAD> ஓ <SOS> <UNK> ண ி <UNK> எ
uruppugal,உறுப்புகள்,<SOS> ஈ ஞ ி ட ட ஞ ழ <UNK> <UNK> ஓ <SOS>
vaippaar,வைப்பார்,ண
braamanarkalum,பிராமணர்களும்,<UNK> <UNK> ஈ வ இ <UNK> ஃ ட <SOS> ி ட வ ி ஞ ஈ ஞ
adiyiliyaal,அடியிலியால்,
kezh,கேள்,<PAD> <UNK> <UNK> <PAD>
thadaip,தடைப்,ண <SOS> ி
panguthaarargal,பங்குதாரர்கள்,ஃ ஃ ஃ ஞ <SOS> ஞ எ ஞ <PAD> ஃ <UNK> இ இ இ ண ழ வ
pudhuvaiyai,புதுவையை,<PAD> <PAD> ஃ ி ஞ ஃ ஃ ஃ எ <UNK> ஃ
thadaipattathu,தடைபட்டது,ட ழ ஓ ஞ ஞ ஓ எ <SOS>
kaimari,கைமாறி,ண ண <SOS> <PAD> <SOS>
ouil,ஆயில்,
santos,சான்டோஸ்,ழ ஈ ண ட ட ட
seithiyaalargalukum,செய்தியாளர்களுக்கும்,ா ழ <PAD> ௌ ௌ வ ௌ ி ஓ ஓ ஃ ஓ ீ எ ஃ ஞ ஃ இ உ ீ ீ ஜ
pudhumaigalai,புதுமைகளை,ஈ ட இ ஜ
meemanjai,மீமாஞ்சை,<PAD> ஃ ஞ ண ழ ழ <UNK> ழ ட ஃ <PAD>
padhivar,பதிவர்,<PAD> ழ <PAD> ண ழ ி <UNK> ஈ <PAD> <PAD>
seluththappadavendum,செலுத்தப்படவேண்டும்,உ ட ட எ வ <SOS> <SOS> ஞ ஃ இ ஃ உ இ ஓ உ ஃ ஞ ண <PAD> எ
thoguppin,தொகுப்பின்,<PAD> <SOS> ட <SOS> ண ஃ <PAD> ஈ <PAD> ஓ ழ <PAD>
eduththirukkirathu,எடுத்திருக்கிறது,ஓ வ எ ஈ ஃ ஈ ஃ <SOS> <SOS> ஜ <SOS> <UNK> <UNK> ே ஓ <UNK> <SOS> ஜ <UNK> <UNK>
chudalai,சுடலை,<PAD> <PAD> ி ஞ ட
yokkiyargalukku,யோக்கியர்களுக்கு,<SOS> ஈ <UNK> ா ா ட ண ண <SOS> ி ி ண ி வ <SOS> ங ங
ippothea,இப்போதே,<SOS> ஈ <UNK> <UNK> ட <PAD> ட <PAD> ஈ ஈ
anupiyullathu,அனுப்பியுள்ளது,ி இ ஈ ஈ ஞ
leakin,லீக்கின்,ஞ ண ஈ ஈ ஈ <SOS> ட <UNK> ட <SOS>
anuraathapuram,அனுராதபுரம்,வ ஃ ஓ ி ி ஈ <PAD> ஞ
oliparappittu,ஒளிபரப்பிட்டு,<UNK> <SOS> <SOS> ஈ ஓ ஜ <PAD> ஜ <SOS> ஓ எ எ ழ ண ட
nanmaigalaip,நன்மைகளைப்,ஈ ழ ண ழ <PAD> ஓ
gooldain,கோல்டன்,ி <SOS> ண ஈ ஈ ழ ஈ ழ ி ி
uruvaakkaththirku,உருவாக்கத்திற்கு,ா வ ி ி <SOS> ஞ ா ஞ ஈ ட ழ ழ ழ ஜ ஓ ஜ ஜ ஃ ஃ
maraala,மரால,
santana,சான்டானா,<PAD> ட ி ி ி ி ி ி ி <SOS>
paes,ஃபேஸ்,<UNK> ழ ழ <UNK> <SOS> ழ ழ
vikraman,விக்கிரமன்,ி
azhugai,அழுகை,<SOS> ழ <UNK> ஞ ஞ ழ ஞ <SOS> ி
oruvar,ஒருவா்,
bayangaravaathigal,பயங்கரவாதிகள்,ீ ண ீ ஜ ங <SOS> ஓ <SOS> <UNK> ஃ ஞ <SOS> <SOS> <PAD> ஃ ஓ ஓ ஜ ங ஃ
jappaanin,ஜப்பானின்,ழ ண ி
bisiyaaga,பிசியாக,ழ ஈ ட ட ஈ ண <PAD> <PAD> ஃ <PAD> <UNK>
wells,வெல்ஸ்,<PAD> ண ண
pasukkalin,பசுக்களின்,ி <SOS> ழ ழ <PAD> ி ழ ண ண <UNK> ண ண
enggo,எங்கோ,<SOS> ி ண ண ண ழ <PAD>
hempstead,ஹெம்ப்ஸ்டெட்,ண ஞ ி இ <SOS> <UNK> <PAD> <PAD> இ ஞ <UNK> ழ <SOS> <SOS>
kidanthanar,கிடந்தனர்,ஓ <SOS> <SOS> ஞ ஓ <SOS> ண <UNK> ி ஞ ஓ <SOS> ஃ
kuriththullaargal,குறித்துள்ளார்கள்,ஜ <PAD> ட ா இ ட ே <PAD> ஞ ே ே ே
dae,டை,
kadidhamum,கடிதமும்,<PAD> ண <SOS> ழ
alakiyaana,அழகியான,<PAD> ஃ
sangaththai,சங்கத்தை,ண எ ண <UNK> ஓ ஞ <PAD> <PAD> <PAD> <SOS> ஓ ழ <UNK>
thirunthiyirikkirar,திருந்தியிருக்கிறார்,ீ <UNK> ீ ீ
masuthiyai,மசூதியை,ஈ ண <SOS> ழ <UNK> <UNK> ஓ ஓ <SOS> ழ ஓ ண
thogaiyaanthu,தொகையானது,ண ஞ <PAD> ஓ ஜ ட ஃ ட ட இ ஈ <SOS> ி ஞ எ
adhumattumalla,அதுமட்டுமல்ல,<PAD> ி <UNK> <SOS> ி ழ ண ட ஃ இ <SOS> <UNK> ழ ழ வ <PAD>
odissi,ஒடிசி,<UNK> <SOS> <UNK> <SOS> ண ஞ ி <SOS>
samapangku,சமபங்கு,ழ <PAD> ழ
kedaaiyaa,கெடாய்ய,<UNK> <SOS> <SOS> ஞ <UNK> ஃ ழ <SOS> <UNK> ழ ி
soazhargalukku,சோழர்களுக்கு,ஜ ஞ ி ஃ வ <PAD> ட ட ட <SOS> இ
aarppaattangal,ஆர்ப்பாட்டங்கள்,<PAD> ழ ண ழ ழ இ எ <SOS> ட ட ட வ
dhakshinaamoorthy,தட்சிணாமூர்த்தி,ட இ ட
kaithigalai,கைதிகளை,ண
pazhani,பழநி,<PAD> ழ
seenitthovai,சீனித்தொவை,ி ண ஃ <PAD> ஓ ஞ ஞ ி எ <UNK> ஈ <SOS> <UNK> எ
gaines,கைனெஸ்,<PAD> <SOS>
ezhuthiyirukkiraargal,எழுதியிருக்கிறார்கள்,ீ ௌ இ <SOS> ா ூ ஓ உ <PAD> வ <PAD> <PAD> ங <PAD> <PAD> ே <PAD> ஓ ஜ ஜ எ <SOS> ங
kakinada,காகினாடா,ஈ ி ண ி <SOS> ி
kidaikkaadhadhaal,கிடைக்காததால்,ட ட இ ஜ
tayde,டேடே,
pirammaththai,பிரம்மத்தை,<SOS> ஞ ஈ ழ
moolzhgadikkappatta,மூழ்கடிக்கப்பட்ட,ஈ வ ஈ ீ ி <PAD> ஜ ஜ ீ <PAD> ஜ
kontirunta,உறங்கிக்,
piraroodu,பிறரோடு,
matkalangaley,மட்கலன்களே,ழ ண ஞ ட ஞ ஃ ஞ எ எ எ ழ
kaaranamaagum,காரணமாகும்,
ayiathimuka,அஇஅதிமுக,<PAD> ி ஞ ஈ ி ஈ ஈ எ ட ஃ
loova,லோவ,
meenkalaiyum,மீன்களையும்,ஓ ஓ இ ண எ ி ஞ <UNK> ஈ <PAD> <SOS> ஓ ண ண
vakuththaal,வகுத்தால்,ி ஈ ஈ ஃ ஈ
muthalvarai,முதல்வரை,ி <PAD> ி ட <PAD> <PAD> ஃ எ ண எ ண ஞ ஃ
kaattrae,காற்றே,
thalaynagaram,தலைநகரம்,ழ <UNK> ி ஓ ஈ ஈ ஈ ஜ எ ஜ ஈ ட ி ட எ
thiranaaligalukkaana,மாற்றுத்,ீ
atkinson,அட்கின்சன்,ஃ ண ஓ ழ ஃ <PAD> ஓ <SOS> ழ ஞ <UNK>
yuuee,யூ,
kurukkup,குறுக்குப்,<SOS> <PAD> <SOS> ஓ <SOS> <SOS> ண ண ழ
fertilizers,ஃபெர்டிலைசர்ஸர்ஸ்,எ ி வ <UNK> <UNK> ஞ வ ஞ இ ண ஓ ட ஓ ஓ இ இ இ வ
lancaster,லான்செஸ்டர்,ி <PAD> <SOS> ண ழ <PAD> <UNK> ஃ ஓ ஃ ஓ ழ எ
kanavanathu,கணவனது,<SOS> ட ஞ ட ி <UNK> <PAD> <PAD> <PAD> ஓ எ ண ண
thuruvam,துருவம்,
thulai,துளை,<UNK> <PAD>
sarbia,செர்பியா,ி ி ண
thunburuththal,துன்புறுத்தல்,ி ட <SOS> ஃ ி ண ஃ எ ஜ ஜ <PAD> <PAD> ஃ
kampalattu,கம்பளத்து,<PAD> <PAD> <SOS> ி ஈ <PAD> ஓ <SOS> <PAD> <UNK>
yoorik,யூரிக்,<PAD>
koottappatta,கூட்டப்பட்ட,ஃ ஞ ண ண ஓ ஃ <PAD> ழ எ ஈ எ ஈ ழ ழ
agachchiththarippu,அகச்சித்தரிப்பு,வ ீ <SOS> ஃ இ இ எ ங <UNK>
uraiyaadalgalai,உரையாடல்களை,ி
seyalpatatha,செயல்படாத,ஈ ி ி ஃ <PAD> <SOS> <PAD> <PAD> எ ழ <PAD> ஓ ஓ இ
kaalakattaththil,காலகட்டத்தில்,ஃ <SOS> <PAD> ட இ ஜ இ ி ண இ ா <SOS> ஜ ஜ ஃ இ இ இ
pesinen,பேசினேன்,
karuthippaarththu,கருதிப்பார்த்து,
rivas,ரிவாஸ்,ழ ண
arellano,அரில்லானோ,<UNK>
symon,சைமன்,ழ
saaradhigal,சாரதிகள்,<UNK> ஞ ழ ஈ ண
vaethangkalil,வேதங்களில்,ஃ ழ ஃ <SOS> இ <PAD> ஜ ட ட ி ட
seyalpaduthal,செயல்படுதல்,<UNK> ஃ ட ஓ ட <UNK> ழ ஈ இ இ இ <UNK> ஜ ழ ஜ
vendum,குளிக்க,ழ ழ ழ ஞ ி <SOS> ஈ ண <UNK>
ekapoakam,ஏகபோகம்,ஃ
thankich,தங்கிச்,ஞ ஞ ட ட ண
therinthirunthavar,தெரிந்திருந்தவர்,ீ
puunakariyil,பூநகரியில்,ி <PAD> <SOS> <PAD> ஈ
porundhavillai,பொருந்தவில்லை,ி இ <PAD> ட எ வ <PAD> வ
pinvaanginaar,பின்வாங்கினார்,ண ஈ <SOS> ஈ <PAD> ஓ இ <SOS> ஜ ஜ <PAD> ஓ ஓ இ ி ஓ
koppai,கோப்பை,<PAD> ண ண ி ழ ழ <UNK> <SOS>
matravargalaith,மற்றவர்களைத்,<SOS> எ ட ஜ ஞ ஈ ஈ இ <PAD> <SOS> <UNK> <UNK> ி ஈ <SOS> <SOS> ி
weils,வெல்ஷ்,ஞ
kilappi,கிளப்பி,ஞ
varukinrana,உலா,<UNK> ஈ ஈ ட ழ <PAD> <PAD> <SOS> ஓ <PAD> ஞ ண ட
puratti,புரட்டி,ஞ <UNK>
kalviyaandu,கல்வியாண்டு,ழ ஓ ஃ எ ட ண எ ண <SOS>
naangalum,நாங்களும்,ழ
uruvaakkal,உருவாக்கல்,ஈ ண ஈ <PAD> ண ி ி
laal,ளால்,ி ி ி ழ <SOS>
varuvaay,வருவாய்,ழ <PAD> ி <PAD> ட ஞ ஞ
poivittaar,போய்விட்டார்,ஓ ட ஈ ட <SOS> <SOS> ட இ ி <UNK> ி எ ஓ ண
wheel,வீல்,
mishra,மிஸ்ரா,<SOS>
solren,சொல்றேன்,ண
kaividappadugiraargal,கைவிடப்படுகிறார்கள்,வ ங <SOS> ே <SOS> எ ீ ஃ ட ா <SOS> <PAD> எ <PAD> உ ீ ே ூ <UNK> ஃ ஃ <UNK> வ
seiyappattiruppaar,செய்யப்பட்டிருப்பார்,ீ இ இ ஓ ா ஜ உ உ ீ ண ஞ <UNK>
aarvaththaik,ஆர்வத்தைக்,ழ
vaattara,வாட்டர்ஸ்,ட ண <UNK> <UNK> ண
paantavarkalai,பாண்டவர்களை,ழ <UNK> <UNK> ஈ வ வ ஓ ஓ ண <PAD> ஜ ஓ ஃ ஓ <UNK> ஜ
pathikkaththaan,பதிக்கத்தான்,வ ண <SOS>
ezhuthiyulla,எழுதியுள்ள,ஈ ஈ <UNK> <UNK> ண <SOS> ண ண ட ஈ ட இ <PAD>
gudepu,குடேபு,<SOS> ண <PAD> ழ <UNK>
alambiththudaiththu,அலம்பித்துடைத்து,ி ஓ வ ழ ழ ஃ ண எ <PAD> ி ழ ழ
kallurigazhum,கல்லூரிகளும்,ஞ ஞ ண <PAD> <PAD> ஃ <PAD> ட ஞ ஜ இ ஓ <UNK> ஞ ஞ
deerfield,டீர்ஃபீல்டு,ஓ <SOS>
raentam,ரேண்டம்,<SOS> <SOS> <SOS> ஈ ண ஈ <PAD> <SOS> ஈ
padigalin,படிகளின்,ி ழ ழ ஈ <PAD> ஃ ழ ழ <SOS> ஞ <SOS>
isuzu,இசுசூ,
moorththikal,மூர்த்திகள்,<PAD> ட ட ண <UNK> ஓ <PAD> <SOS> <SOS> ஓ ஃ ஓ ஓ ழ
therkkilirundhu,தெற்கிலிருந்து,ட ஓ ண இ ஈ
laqchhami,லட்சுமி,ஈ <SOS> <PAD> ட <UNK> <UNK> <UNK> <UNK> <SOS> <PAD> <SOS>
valinadaththi,வழிநடத்தி,ஈ <SOS> <SOS> ண ஞ <PAD> ட ழ ழ ஞ
emilie,எமிலி,ி <PAD> <UNK> ண ண <SOS> ண <SOS>
gardan,கார்டன்,<UNK> ழ <SOS> ண
santharppankal,சந்தர்ப்பங்கள்,ட ண ண ண ண ண <UNK> <UNK> <UNK> ழ ழ ழ ஜ ஜ ஞ <PAD>
pirachurankal,பிரசுரங்கள்,
kavalaiye,கவலையே,ஈ ி <PAD> ஃ ஃ
ezhundhukkum,எழுந்துக்கும்,ஈ <SOS> ஃ <SOS> ஞ ட
gudd,குட்,<PAD> <PAD> <SOS> ழ <SOS> ழ
dasila,டசில்லா,ண ழ ி <SOS>
vetridaththil,வெற்றிடத்தில்,ி எ ி <UNK> <UNK> ி <PAD>
chennai,சென்னை,ி <PAD> ஞ ழ ி <UNK> <PAD> <PAD> <UNK>
unarndhirundhaan,உணர்ந்திருந்தான்,ண எ ா ட ங வ இ ி எ இ இ இ ங வ வ ஜ ஞ ஓ
kelvih,கேள்விஃ,ண <PAD> <SOS> <SOS> ஞ ழ ழ ஈ <PAD>
texas,டெக்சாஸ்,ி <SOS> <SOS> ஞ
matravargal,மற்றவர்கள்,ட ண ி <PAD> <UNK> <PAD> <SOS> <SOS> எ ண ண
adiyum,அடியும்,<PAD> <UNK> <UNK> <UNK> <UNK> ஈ
earkanavae,ஏற்கனவே,ி <SOS> ி ஈ ஃ <PAD> ழ ழ ழ <PAD> ஓ ஈ
santhan,சாந்தன்,<PAD> ஈ <PAD> ஈ <PAD> <SOS> <PAD> ண
wedik,வேதக்,<PAD> <PAD> ழ ழ
kaavalthuraik,காவல்துறைக்,<PAD> ழ ழ ஃ ண <UNK> <SOS> ண ஞ ஞ <PAD> ஃ ழ <SOS> <SOS>
thodarpalar,தொடர்பாளர்,ழ ட ட ண ண ஈ
karanamaakum,காரணமாகும்,ஃ இ ஃ இ எ <PAD> <PAD> <PAD> ட ி ட ட ட <UNK>
shimman,சிம்மன்,ி
patrick,பேட்ரிக்,ண
lamb,லாம்ப்,<SOS> ழ <SOS>
balmer,பால்மெர்,ஞ ஈ
vitum,கலந்து,<SOS> ழ <PAD> <SOS> ண <SOS> <SOS> <PAD>
redding,ரெட்டிங்,<UNK> <PAD> ஈ ஈ ஈ ழ <UNK> <UNK> <UNK> <PAD>
kadidhangalum,கடிதங்களும்,<UNK> ழ ண <SOS> எ இ <SOS> ஓ
birlasoft,பிர்லாஸாஃப்ட்,இ
sollappadupavargalum,சொல்லப்படுவர்களும்,ஃ ௌ இ ழ இ
prabhoo,பிரபு,ழ ண ி <SOS> <SOS> ழ ண <SOS> <UNK>
redwood,ரெட்வுட்,ழ ி <UNK> ண <SOS>
kalra,கல்ரா,<SOS> <PAD> ழ
napa,நபா,<PAD> <SOS> ழ
nigazhchiyum,நிகழ்ச்சியும்,ழ ஓ ஜ எ <SOS> <UNK> <UNK> <UNK> <UNK> <UNK> <UNK> <SOS> <UNK> ஃ
mutiyala,முடியல,
perundhaabam,பெருந்தாபம்,ண ஞ <PAD> <SOS> இ <PAD> <UNK> இ <SOS> <SOS> <SOS> எ <SOS> இ
harres,ஹாரிஸ்,ி ி <PAD> <SOS> <SOS> <SOS>
solvathaga,சொல்வதாக,ஈ <UNK> <SOS> <SOS> ி ஈ ஞ ஞ <PAD> ழ ழ <UNK>
piramukar,பிரமுகர்,ண ழ ண ண ட <PAD> ண ண
idaodhikkeedu,இடஒதுக்கீடு,<PAD> <SOS> ஃ <UNK>
vaelaigalum,வேலைகளும்,ஓ ஈ ழ ி ஓ <SOS> ஞ எ எ எ ழ ழ <UNK>
koottangalukku,கூட்டங்களுக்கு,ஞ <PAD> <SOS> <UNK> ழ ழ
mahaveerar,மகாவீரர்,ஞ ஈ ஈ ண
bula,போலா,ி
aaivukku,ஆய்வுக்கு,<PAD> ஈ <SOS> ி <PAD> <UNK> <UNK> ழ ஃ <SOS> <PAD>
koottangalai,கூட்டங்களை,
passaic,பசாய்க்,ழ ஞ ஈ <SOS> <SOS> <SOS> <SOS> ழ <UNK>
asoq,அசோகா,<PAD> ழ
gouuld,கோல்ட்,<UNK> ழ <PAD> <PAD> <PAD>
ullatakkum,உள்ளடக்கும்,ஓ <PAD> <SOS>
thayaarippathundu,தயாரிப்பதுண்டு,ழ ஜ ஜ ழ ஜ ஃ வ
inththiyaavirkul,இந்தியாவிற்குள்,<UNK> எ ண ழ ஜ ஜ ஓ <SOS> <SOS> இ இ <SOS> ி ழ ழ ஜ ி ண
araku,அரக்கு,
narambugalai,நரம்புகளை,எ ஈ எ ழ ட ஞ எ ண ஈ ண <UNK> எ ஃ ஃ
panigalukkup,பணிகளுக்குப்,ஃ ட ட ஃ <SOS> <SOS> <SOS> ஃ ஃ <SOS> ி
okay,ஓகே,<PAD> ி <SOS> ழ <SOS> <SOS>
nigalvugazhaiyum,நிகழ்வுகளையும்,<SOS> ழ ஃ ண ங ஓ
irukkinroom,இருக்கின்றோம்,இ ழ எ ழ ி ஞ ழ <PAD> <UNK> ி <SOS> ி எ ஓ <UNK>
aazhthulai,ஆழ்துளை,
kalvikkaana,கல்விக்கான,<SOS> ஃ
kovai,கோவை,ி ி <PAD> ழ ழ ண <PAD>
alaiyum,அலையும்,ழ ஈ
kulithu,குளித்து,<PAD> <SOS> <UNK> <UNK> <PAD> ஈ ஈ <SOS> ண
odisii,ஒடிசி,<UNK> ண ண <SOS> <SOS> ஞ ண
sedhamadaindhu,சேதமடைந்தது,ஈ ண <SOS> எ ஃ ண ஜ ஓ ி ி வ ட <PAD> <SOS> ஞ ஓ
yeraalam,ஏராளம்,
tokaiyin,தொகையின்,ட ி ஈ ட ட ி <SOS> ண ஞ ட
arignargalinaalum,அறிஞர்களினாலும்,<UNK> ஈ ண <SOS> எ எ ங ஞ ஓ ா ா ழ ா ஜ ஜ ஜ இ ே <SOS>
cheyalmuraiku,செயல்முறைக்கு,ட ட இ ஃ ஞ ஞ ஈ ஜ எ <UNK> இ <UNK> ஓ ட ஜ
vidhiththu,விதித்து,ட <PAD> <PAD> <PAD> ஈ ஓ ண ண ண ஈ <PAD> ஓ
kontiruntha,உறங்கிக்,
kuudum,கூடும்,<PAD> ஞ ண <PAD> <SOS> ழ
thamizhakatthilirundhu,தமிழகத்திலிருந்து,ட எ ஜ ங இ ட <UNK> ங ி இ ஈ ங இ ௌ ே ண ழ ஈ ஓ
vilaiyaaduthal,விளையாடுதல்,ஃ
maddox,மட்டோக்ஸ்,ஈ ட
vaangguthal,வாங்குதல்,ி ி
cheyn,செயின்,ழ ண ண ி ி ழ ி ி
puriginrana,புரிகின்றன,<SOS> <PAD> ண ி <UNK> <UNK>
aathmaa,ஆத்மா,<PAD> ஈ <UNK> <UNK> ண <UNK> <UNK> ழ ழ
kitantanar,கிடந்தனர்,
kettathu,கேட்டது,<PAD> <PAD> <PAD> ஞ ஈ
alavugal,அளவுகள்,ஞ ழ ண
ganeebaa,கனீபா,ஈ <PAD> ஈ ஞ ஈ ண <PAD> ி <PAD> ண
kidaikkinra,கிடைக்கின்ற,ஈ ஓ ஞ <PAD> <SOS> எ ழ <PAD> <SOS> ஞ ஞ எ எ
seetu,சிட்டு,ண <PAD> <PAD> <SOS> <UNK>
syriyap,சிரியப்,<PAD> ழ ி ஞ ஞ <UNK>
masuuthiyai,மசூதியை,ஞ ஞ ஞ <SOS> <SOS> ண
akkanitha,அக்கணித,ண ட ண <PAD> ஈ ஞ ஞ ஃ ஃ ி <PAD>
jallian,ஜாலியன்,ஞ <PAD> <PAD>
yerpaduvathudan,ஏற்படுவதுடன்,
ahmedabadil,அகமதாபாத்தில்,<SOS> <SOS> <SOS> ட ஈ ஞ ஈ ட ழ <PAD> ஓ ஃ ஜ ி ஜ
ennaa,என்னா,ண <UNK> <UNK> <UNK> ழ <PAD> ழ
saraikela,சரைகேலா,ட ண <PAD> <UNK> ஈ ஈ ழ ட <UNK> <UNK> <PAD>
veliyaagiyirundhaal,வெளியாகியிருந்தால்,ஃ எ ண ஃ ீ ீ ண ஞ <PAD> ஞ எ ழ ௌ ௌ ௌ ௌ <UNK> ே ஈ ா ா
valanguvathai,வழங்குவதை,ண ட ட ஞ ஞ ண <UNK> ழ ழ ழ <PAD> ஃ ஃ ஈ ண
rishiraj,ரிஷிராஜ்,<SOS> <SOS> ி ஈ <SOS> <SOS> <UNK> <UNK> <PAD> ஞ
mandaavar,மண்டாவர்,<SOS> ண ஈ
nawin,நவீன்,<SOS> <SOS>
venmaippuratchiyin,வெண்மைப்புரட்சியின்,<PAD> ஓ ட எ வ எ எ ட ண ட வ ழ <PAD> இ
thalaivarai,தலைவரை,ஓ எ ட ஈ ஃ ழ ஈ ண ஞ ஞ <UNK> ஞ ி
suvaachiththirukkum,சுவாசித்திருக்கும்,ே
vadamaagaana,வடமாகாண,ழ ஈ ட ஓ ஃ ஞ ஞ <SOS>
nyaayirandru,ஞாயிறன்று,இ ட ட <PAD>
cankath,சங்கத்,ி ி <SOS> <SOS> ண
iraingaaname,இறைஞானமே,<UNK> ி <PAD> <PAD> ண இ <PAD> எ <PAD> ட ஞ ஞ ஞ ஈ
kolupil,கொழுப்பில்,ட ஈ ஈ ஃ ஞ ஞ ழ <UNK> ஞ ஞ ஃ
nadunilaip,நடுநிலைப்,ஈ ஞ ி ி <SOS> ஞ <SOS> ி ஓ ஞ <SOS> <SOS>
webster,வெப்ஸ்டர்,ட <PAD> ழ ழ ஃ ண ழ <SOS> ஞ ழ <SOS>
ramon,ரமோன்,<SOS> ழ ழ
vaakanangkalin,வாகனங்களின்,ட <PAD> <SOS> ண ஃ
kaalanigal,காலணிகள்,<PAD> ஓ ி ஓ <SOS> <SOS> <SOS> <SOS> <SOS> ழ ண <PAD>
aanthai,ஆந்தை,<SOS> <SOS> <SOS> ஞ ஈ <SOS> ஈ <PAD> ஈ
avarooda,அவரோட,<SOS> ஞ ஈ ி <UNK> ட ட ி ண ி
mcdowell,மெக்டோவெல்,ி ஃ <UNK> <UNK> <UNK> ஈ ி ட ட ட <PAD> ண
seiyyappattapothu,செய்யப்பட்டபோது,ஜ ஞ வ <SOS> <SOS> ஈ ட ே ஓ ஓ ஞ ஓ எ ஓ <SOS> <SOS> <UNK> ண எ
pugaaril,புகாரில்,ஞ <SOS> <UNK> ட <UNK> <UNK> ண ி <UNK> ட
sengkuththaana,செங்குத்தான,
magatha,மகத,ஞ
infraprojects,இன்ஃப்ராபிராஜெக்ட்ஸ்,ங <PAD> ஜ ங <UNK> ஜ ஞ ஃ <UNK> <SOS> ா ண ி ஃ இ ண ஃ ஃ
vanurti,உலங்கு,ி ஈ ஈ ண ண ஞ ி ழ ழ
thadangkalil,தடங்களில்,ட ட <PAD> <PAD> ட ி ஃ ஓ ஞ ஞ
kulaththirku,குளத்திற்கு,ண ஈ <PAD> ஓ இ இ <PAD> எ ஈ ண ண ழ ழ <SOS>
durgai,துர்க்கை,<UNK> ி <UNK> ழ
bee,பீ,<UNK> <PAD> <SOS>
kabulil,காபூலில்,ண ஈ ி ி ி ி ஞ ி ஞ <SOS>
madala,மடலா,<UNK> <PAD> ஞ <PAD> ண <UNK> <UNK> ண
shashthrigal,சாஸ்திரிகள்,ி ஞ <PAD> ஃ இ <SOS> ஓ ஓ ஓ ி ண ண எ ண
nadandhabothu,நடந்தபோது,<PAD> ி ஈ ட ண <SOS> <SOS> <SOS> ண இ ண ஈ இ ஜ ழ
raenjch,ரேஞ்ச்,<SOS>
kolhapur,கோலாபூர்,<UNK>
irusakkara,இருசக்கர,<UNK> ஃ ட <SOS> <PAD>
church,சர்ச்,<UNK> ழ ழ <SOS> ி <PAD>
velip,வெளிப்,<UNK> <UNK> <SOS> ழ <SOS> <SOS> ஞ <SOS>
asramm,ஆசிரமம்,<UNK> ண ழ ழ ழ ஞ ஞ ழ <PAD>
overgal,ஓவர்கள்,ழ <PAD> ி ழ <UNK> <SOS> <SOS> ி <SOS>
nalliravu,நள்ளிரவு,ஞ ழ <PAD> ழ ஈ ழ
baarathiyaar,பாரதியார்,எ
athishta,அதிஷ்ட,ண ட ட ஞ ட <PAD> ட ஞ ழ
poaraan,போரான்,ழ <SOS> ி ழ ழ ழ ழ <PAD> ஞ
vaerldu,வேர்ல்டு,<PAD> ஞ ஞ ட ஈ
glycols,க்ளைகால்ஸ்,ி <UNK> ி ண ஃ ழ <SOS> <PAD> <PAD> ஃ ஞ ட
ariyum,அறியும்,
swamigalaippatri,சுவாமிகளைப்பற்றி,வ ண <PAD> ஓ <PAD> ா <SOS> ஈ ழ ஈ ழ ஈ இ ட இ வ ழ ழ
seyint,செயிண்ட்,<UNK> <PAD> ஈ ழ ண ஞ ஈ ஞ ழ ஞ
bareli,பரேலி,
vaangavum,வாங்கவும்,ண <UNK> ண ஈ <SOS> ஞ ஃ ஃ <SOS> ி ி
edukkumaaru,எடுக்குமாறு,<UNK> <UNK>
kandippa,கண்டிப்பா,ஞ
madgaon,மட்காவுன்,ட <PAD>
uththiyogaththil,உத்தியோகத்தில்,ஞ ழ இ இ ஃ <SOS> ஓ ஓ ஓ ஈ <UNK> ஈ வ ட ங ழ ஈ ஃ
pukazhpettravai,புகழ்பெற்றவை,ா ட <PAD> எ இ ழ <SOS> <SOS> ழ எ ஜ <PAD> <PAD> ி ஃ வ ஞ
tinsukia,டின்சுகியா,
ashraf,அஷ்ரஃப்,ஈ ஞ <UNK> ி <PAD>
porulaagaum,பொருளாகும்,எ <SOS> ி ழ <SOS> <PAD>
akaththi,அகத்தி,ண <SOS> ி ழ ி ட <PAD> <PAD> ஞ ி
seyyulgal,செய்யுள்கள்,ழ <UNK> <UNK> ஃ <SOS>
oottappattullaarkal,ஊட்டப்பட்டுள்ளார்கள்,ண <SOS> ீ ஓ <PAD> ா உ உ ஓ ி ண ே ழ ீ ண ண ண ண ட ழ <UNK> வ
vaiththiyam,வைத்தியம்,ஞ ஞ எ <UNK> ண ண ஓ ஈ எ ஈ <SOS> <SOS> ி
matravargalthaan,மற்றவர்கள்தான்,ஃ எ எ ி ஓ ி ா ஞ ஃ ஈ ஃ
aegis,ஏஜிஸ்,<SOS> <PAD>
adangkiyulla,அடங்கியுள்ள,ழ ஃ ி <PAD> ி ட ஓ இ <SOS> ி ஈ இ
appothe,அப்போதே,ண ி <UNK> ண <PAD> <PAD>
young,யங்,<UNK> ழ ண ண ழ <UNK> <SOS>
bhopal,போபால்,<SOS> ழ ழ ஞ <UNK> <UNK> ஞ <PAD>
aangalaik,ஆண்களைக்,ஈ ண <PAD> <PAD> <UNK> ஞ ஃ ட
panigalin,பணிகளின்,ஈ ஈ
moody,மூடி,<SOS> <SOS> ி ண
azhaga,அழகா,
hendrix,ஹென்ட்ரிக்ஸ்,ஈ ஃ ஃ ட ஃ ஃ ஃ ஈ <UNK> ட <SOS> <SOS> ஈ <PAD>
kannoottatthil,கண்ணோட்டத்தில்,ஃ எ ட ி ண ண ஜ ி ட ஜ ஓ <UNK> ஃ ட ஈ ஈ
yakima,யகிமா,<PAD> ழ <PAD> <SOS> ழ ி <PAD> <SOS>
saunders,சௌந்தர்ஸ்,ஃ
kulanggalaiyum,குளங்களையும்,எ ட ி ி ஓ <PAD> ஃ ழ ஞ எ எ எ ஃ ஜ <SOS> <SOS>
joliet,ஜோலியட்,ஞ ஞ <UNK> ழ <SOS>
valakkukalukku,வழக்குகளுக்கு,ண <SOS> <PAD> ண ழ ஞ ழ ண ண ண ழ ழ ட <PAD> ஃ ஓ
kurdu,குர்து,ஞ <UNK> ி <UNK> ண <PAD> <SOS> <PAD>
thompson,தாம்ப்சன்,<UNK> ழ <UNK> ஈ <SOS>
ariviththirunthathu,அறிவித்திருந்தது,ஓ ஈ ா ஜ ட எ ௌ ழ ஓ ஞ
viil,வீல்,<UNK> <SOS> <UNK> <UNK> <SOS> <SOS>
kavali,கவலை,ி <SOS> ஞ ி <UNK> <PAD> <UNK> <SOS>
malarkalaiyum,மலர்களையும்,ஓ ழ ஓ ழ
budaun,புதான்,ழ <PAD>
nanmaikal,நன்மைகள்,<SOS> ண ழ <UNK> <SOS> ஈ ஈ <SOS> <UNK>
naangalaum,நாங்களும்,ட ண <SOS> <PAD> <UNK> <UNK> <PAD> <PAD> ஞ ழ ி ழ
twin,ட்வின்,<PAD> ழ ண
antioch,ஆன்டியோச்,ி
veliyidappadavillai,வெளியிடப்படவில்லை,இ ட <PAD> வ <SOS> ண ி ி ி ி ி
pandavargalil,பாண்டவர்களில்,
alam,ஆலம்,ி ழ ி ி
sadaamudiyan,சடாமுடியன்,<PAD> <PAD> ண ழ ழ <UNK> ஓ ஓ ஓ எ இ
parakkum,பறக்கும்,ழ ண ஈ <PAD> <PAD> <SOS> ஈ ஈ <PAD> ழ
saaiman,சைமன்,ி ஈ
valarppaith,வளா்ப்பைத்,ி ஃ <UNK> <PAD> எ எ ண ஃ எ <SOS> ி ழ ஈ
adadaa,அடடா,ி ஞ ஞ <PAD> <PAD> ஞ ழ <UNK>
maadhangalilume,மாதங்களிலுமே,ஜ ண எ ஞ <UNK> ழ <SOS> எ ி ி ஈ ி ா ஃ ா ழ இ
yookam,யோகம்,ழ ஞ ஞ ழ <PAD> ழ ழ <PAD>
kurainthae,குறைந்தே,ி ி <PAD> ஃ <SOS> ட ட ட <UNK> ஃ ஞ
tiwari,திவாரி,ண <UNK> ண <UNK> ி
padaiyaniyum,படையணியும்,<UNK> இ ட ஈ ஈ ஓ இ <SOS> <SOS> <UNK> ஃ <UNK> இ இ
palu,பளு,<PAD> <SOS> <PAD> <PAD> <PAD> <PAD>
sangamaga,சங்கமாக,ஞ ட <PAD> ஞ ஞ <UNK> ட <PAD> ஈ <SOS> ழ
muraimaikalai,முறைமைகளை,ஞ ண ஃ ஞ
paduththiya,படுத்திய,எ ஈ ஈ ண ழ ஈ எ ஃ ழ
vealaiyaiyum,வேலையையும்,<PAD> ஃ ட <PAD> ண ஓ ஞ <PAD> ஞ ஈ ி எ <SOS> ட
seiyappattiruntha,செய்யப்பட்டிருந்த,
ataher,அடஹெர்,ழ <UNK> ி <PAD> <PAD> ண
neeroattaththil,நீரோட்டத்தில்,ஃ ழ ண ண ஞ ஃ எ வ <SOS> <PAD> ி ி ஜ இ ஜ ழ
seiyalattiryavargalaiyum,செயலாற்றியவர்களையும்,எ வ இ ஈ ௌ ஓ ீ எ ங ஜ வ ூ ே ஈ உ ஓ ஓ ஈ
avathikullaakuvaar,அவதிக்குள்ளாக்குவார்,<PAD> ட <PAD> இ <PAD> ௌ எ எ ட உ உ ே <SOS> ட ட வ வ ௌ ங ழ இ <SOS>
adiittii,அதிதி,<UNK> ி ி <UNK> ண <SOS> <PAD> <SOS> ஞ
esuppaaniya,எசுப்பானிய,ஈ ழ ழ <PAD> <UNK> ஈ <SOS> ஞ ி ட <PAD> எ எ
chuttik,சூட்டிக்,<PAD> <UNK> ட ஞ ட ஈ ஈ <PAD> ழ
munaipunilaiyaaga,முனைப்புநிலையாக,எ ஃ வ ஈ <SOS> ண ே ஞ ஃ ங ங ங ா இ ே ழ ஈ ஈ வ
piramaandamaana,பிரமாண்டமான,ஈ ஞ ட எ எ எ <UNK> <SOS> ழ ஜ <UNK> ஓ ஃ இ எ இ இ
communications,கம்யூனிகேஷன்ஸ்,<UNK> ழ ஈ ழ வ வ இ ி <PAD> ி இ ஓ இ ஓ <SOS> <PAD>
polaagivittadhey,போலாகிவிட்டதே,ஓ ி ி இ ழ ழ ங ங ா ி வ வ ஞ <PAD> ங <PAD> <PAD> ண
nuraiyeeral,நுரையீரல்,ஞ ஈ ஓ ஓ <PAD> ஓ
inraikkum,இன்றைக்கும்,<SOS> ஓ எ <PAD> ண <PAD> <UNK> ி <SOS> ழ எ எ எ
sandhiya,சந்தியா,<PAD> ஞ <UNK> <UNK> ஞ <UNK> ண ஞ ண
saemikkappattullathu,சேமிக்கப்பட்டுள்ளது,ஃ ண ட ட ட ா ௌ ஓ ஓ உ
shaji,ஷாஜி,ி <SOS> <PAD> ழ ி <PAD> ி
neemuch,நீமச்,<SOS> <UNK> ி
yekspoa,எக்ஸ்போ,<SOS> ஈ ண ண <SOS>
arundhivittom,அருந்திவிட்டோம்,ஃ
pannividuvaargalo,பண்ணிவிடுவார்களோ,இ இ <UNK> வ
siththaantha,சைவ,ஈ <PAD> ட ட ழ ஈ <SOS> ழ ஞ ழ இ ட ஓ ஈ
kavalaiyil,கவலையில்,<PAD> ழ ஈ ண ஈ ஞ ி ழ ஃ <PAD> ஃ
forest,ஃபாரெஸ்ட்,ழ ண ஞ ழ ண ஞ ஃ ஃ <UNK> <UNK> ஈ
gupta,குப்தா,ி ி ி
padaththaiyum,படத்தையும்,<UNK> இ ண <SOS> <SOS> இ இ ஞ இ ஓ ஞ ஈ ஜ <SOS> <UNK>
kuuttankalin,கூட்டங்களின்,<PAD> இ இ ஓ ண <PAD> ண ஞ ஞ ஞ <PAD> ஈ ஞ <SOS>
poattiyaandahu,போட்டியானது,<PAD> <PAD> ட <SOS> எ ஃ ஓ ஜ
thiran,திறன்,
kkalin,க்களின்,ஞ ண ண ழ ி ி <UNK> <UNK> <UNK>
daiie,டை,ி <PAD>
padaithan,படைத்தான்,ட ழ ஃ <PAD> <UNK> ட <UNK> ஃ ழ ழ ண
peraniyil,பேரணியில்,<PAD> ி ஃ ஃ <SOS> <SOS> <UNK> <SOS> <SOS> <SOS>
microsaaft,மைக்ரோசாப்ட்,எ ி ஃ <PAD> <PAD> ஈ இ ஞ <SOS> ஈ இ <SOS> <PAD> ி
mcclain,மெக்லன்,ஞ ஞ ண ழ ண <UNK>
pattakaararaana,பட்டகாரரான,எ <PAD> <SOS> ண <UNK> ஓ <UNK> வ ஞ <SOS> ஞ வ ஈ ஜ
ithevealai,இதேவேளை,ஈ ண ண <SOS> <SOS> ஓ ஞ ண ஃ
vaippaargal,வைப்பார்கள்,எ ஞ ஈ ி ண ட எ
naanaa,நானா,<UNK> <SOS> <SOS>
nilainiruththum,நிலைநிறுத்தும்,ஜ ட ஞ எ ஃ <SOS> ி எ எ எ எ ஜ ஃ ி ஃ எ <SOS>
asooka,அசோகா,<UNK> <PAD> ி <PAD> <PAD> ண <SOS> ழ
serndhu,சேர்ந்து,<UNK> ண <PAD> ஞ ஈ ழ <PAD> ழ <SOS>
medizensar,மெடிசென்ஸார்,எ <PAD> ஃ இ இ ஈ ஈ <PAD> ஓ இ
nokkiye,நோக்கியே,<PAD> ட
nadanthaalpothum,நடந்தால்போதும்,ஜ ஞ வ ட ி எ எ எ ஓ ஓ ஓ ஞ ங
murlidhar,முர்ளிதர்,ஈ ட ஈ <UNK> <PAD> ழ <UNK>
malhotra,மல்ஹோத்ரா,<PAD>
doorling,டோர்லிங்,<UNK> <UNK> ழ ி ி ண ி ண ட ட
appaatal,அப்பாடல்,ஞ ஈ ஈ ஈ <UNK> <UNK> ண
stanton,ஸ்டன்டான்,<SOS>
nerukkam,நெருக்கம்,<UNK> <UNK> ழ ி ஈ
aagivitum,ஆகிவிடும்,<UNK> <SOS> <SOS> ஞ ஈ ி ஈ ழ <SOS> <PAD> <SOS>
nadhe,நாதே,<SOS> ி <SOS> <UNK> ண <PAD> <UNK>
uyirmai,உயிர்மை,
holidays,ஹாலிடேஸ்,
quantumm,குவாண்டம்,ஈ ண ஞ ி ி ி
odisha,ஒடிசா,ஞ ழ ண ண ஞ ஞ
samayththa,சமைத்த,<PAD> ஞ ஓ ழ <PAD> ண <PAD> ழ
ethuvaaka,எதுவாக,ஈ ட ட <PAD> ி ழ ட ஈ ண ழ ழ
tharavai,தரவை,
maheshwari,மஹேஸ்வரி,<PAD> ஈ ஞ ஞ ஞ ழ <PAD> ட ஃ <PAD> <PAD> <PAD>
vazhi,நல்ல,<UNK>
rswm,ஆர்எஸ்டபிள்யூஎம்,ி <SOS> ண ஓ ட ஃ ா ா ா ா ஞ ஞ ஞ ஈ
thamiram,தாமிரம்,<PAD> <SOS> ஞ ஈ <SOS>
vittuvaiththirundhaar,விட்டுவைத்திருந்தார்,
parimaatramum,பரிமாற்றமும்,ஞ
pannum,பண்ணும்,<PAD> ஞ ி <SOS>
davangere,தாவங்கரே,ழ ஈ ஞ ண ஈ ஃ ஃ ி <SOS> ண ி
theeni,தீனி,<SOS> ழ ழ ஞ ண <PAD> ஞ <PAD>
raymond,ரேமண்ட்,<SOS> <SOS> <SOS> ண ழ ஞ ி <UNK> ண
visaikalai,விசைகளை,ண ஈ ஞ <SOS> ழ ட ண ட ஞ ஈ
munger,முங்கர்,ி ஞ ஈ ஈ <PAD> ி <PAD> <PAD> ண
vilaiyaadik,விளையாடிக்,<SOS> <SOS> <UNK> ஈ <SOS> ண ஓ ஓ ஈ ி எ <PAD> ஓ
chirutai,சீருடை,ஞ ி ி ஈ ி ழ ஈ ட ஞ <UNK>
paduththiyullathu,படுத்தியுள்ளது,ஓ ஓ ஓ எ ஞ ழ ா <UNK> ழ வ <UNK> <UNK> வ <UNK> ே <UNK> <PAD> ண ட
thandanaiyilirunthu,தண்டனையிலிருந்து,ண <UNK> ா <UNK>
alavukatandhdha,அளவுகடந்த,இ <UNK> ண எ ஓ ஓ ா
kavalaippadum,கவலைப்படும்,ஈ ட ி <SOS> எ எ ி <PAD> ஓ ட எ எ <SOS> <PAD> ஞ
ivvaiyellaam,இவையெல்லாம்,<SOS> <SOS> ஃ ஈ ஞ ஃ ஓ ஃ ஃ ஃ <SOS> <SOS> எ ட
maalik,மாலிக்,<SOS>
santharppankalai,சந்தர்ப்பங்களை,<PAD> ட
munmaadhiri,முன்மாதிரி,ஃ <SOS> <SOS> ஃ எ <UNK> <UNK> ண ஞ ஞ <PAD> <PAD> <PAD>
puuna,பூனா,ழ ி <PAD>
bhalla,பல்லா,
mugaamgal,முகாம்கள்,<UNK> <UNK> ி ி <PAD> ட <SOS> <SOS> ண <SOS> ழ
garrison,காரிசன்,<PAD> <PAD> ஈ ண ண <SOS> <PAD> ஈ ழ ழ
uruyaagak,உறுயாகக்,<PAD> <UNK> ட <UNK> <UNK> ட ட ஞ ழ ண ண
aangalitam,ஆண்களிடம்,ழ <PAD> ட ண ஃ ி <PAD> ஞ <SOS> <SOS> <PAD> ண
akzo,அக்சோ,<PAD> <UNK> <UNK>
mumbai,மும்பை,ண <SOS>
vadikal,வடிகால்,ஞ ி ி ி ழ <SOS>
vealaiyin,வேலையின்,<UNK> ண ி <UNK>
sundhari,சுந்தரி,<SOS> ழ
pogap,போகப்,
gauuld,கோல்ட்,ழ <SOS> <SOS> <UNK> ழ <SOS>
aadugalil,ஆடுகளில்,ஞ ஈ ண
en,ஆன்,<UNK> ி ி ி <UNK>
thondriyathaal,தோன்றியதால்,ஓ ஓ ஃ <PAD> ி ி ி ஜ வ <UNK> ி இ இ ஈ ஜ ஃ
aggarwal,அகர்வால்,<UNK> ண ழ ஈ <UNK> <SOS> <PAD> ஈ ி ட
uruppugalukkum,உறுப்புகளுக்கும்,<SOS> ட ஈ ங இ ஃ எ ட ஃ ழ ண ி ி எ ஜ ஜ ஓ ங
thalangkalil,பிற,ஈ ட ஞ ட ஃ <SOS> எ <PAD> ழ ழ ழ ஓ <UNK> <UNK>
inaiyaanadhu,இணையானது,<SOS> ஃ <UNK> <UNK>
himachal,ஹிமாச்சல்,ஈ ஈ ஈ <UNK> <UNK> ி ட <SOS> <SOS>
pakthargal,பக்தா்கள்,ண <SOS>
thiruvarangkam,திருவரங்கம்,ஓ ஓ ட வ
uyilil,உயிலில்,<PAD>
paarppavar,வேலைப்,ஈ ட ண <UNK> ஃ ஃ ண ஈ ி <PAD> ட <PAD>
virathanggal,விரதங்கள்,ஈ இ ஃ எ ண ழ <PAD> ட ஞ ஞ ஞ எ எ எ
thoatruviththu,தோற்றுவித்து,<PAD> ஞ ஈ <UNK> ஈ ஓ ி ட ட இ இ ஞ ி ி ஈ ண
sattruth,சற்றுத்,<PAD> ழ ட <PAD> <PAD> ி ழ ி <PAD> <PAD>
bisht,பிஷ்ட்,
matrtravargalaiyum,மற்றவர்களையும்,ஃ எ இ இ ா ஈ ட <SOS> <PAD> <UNK> ஃ ஈ <SOS> <UNK> ங ங ங ஃ <PAD> ஃ
vattiyai,வட்டியை,<SOS> <PAD> ஞ ஞ ஞ ண ஞ <PAD> ி ஞ
bidar,பிதார்,ண ி ி <UNK> <SOS> ஞ <PAD> <PAD>
blue,புளூ,<PAD> ி ழ ி <UNK> <UNK>
aandilirunthu,ஆண்டிலிருந்து,ஈ ஓ ஃ <PAD> ஓ ஓ <SOS> இ இ <UNK>
nathiyaiyum,நதியையும்,<SOS>
kooppai,கோப்பை,ண ஞ ஈ
seyin,செயின்,ண ண ண
cardenas,கார்டினாஸ்,ஓ <UNK> <UNK> ட ி ஞ <PAD> ழ ஞ ண ஈ ஈ
yaddanapudi,யட்டனபுடீ,ண எ ழ ட ழ ண <PAD> <PAD> <UNK> ட ட ஈ ட
aurangabad,அவுரங்காபாத்,ஈ <PAD> ஃ <PAD> ஓ ண
neettippu,நீட்டிப்பு,<PAD> <PAD> ஞ ஈ ஓ ஓ ஈ ஈ
panigalukku,பணிகளுக்கு,<PAD> ஈ <UNK> ட ஞ ஞ ஞ
perugiyathu,பெருகியது,<UNK> ஓ ி <PAD> ண <UNK> <UNK> <UNK> ஈ ஃ எ <SOS> ழ
vaakkuruthu,வாக்குறுதி,ஈ ஓ ஈ ழ ஈ <SOS> ஈ ஈ ஈ ண ஃ ட ஈ
raanuvaththirku,ராணுவத்திற்கு,ா ழ ஞ <PAD> எ <UNK> <UNK> <PAD> <SOS> ஈ ஓ ி ட ஓ ண ண இ
adhaavadhu,அதாவது,
vidukkappattulathu,விடுக்கப்பட்டுள்ளது,ீ இ ட இ ஈ ஈ ஈ <UNK> ட ி ஜ எ ௌ ௌ <SOS> <SOS> இ இ ஃ வ
imili,எமிலி,
amerikkarkal,அமெரிக்கர்கள்,ண <SOS> <PAD> ி <UNK> <UNK> எ ஜ ண
maiyamaakavum,மையமாகவும்,<SOS> ட <SOS> ஜ <SOS> ட ஓ ி எ ஈ ஈ ஈ
paanam,பானம்,<PAD> <UNK> <PAD> ி <SOS> ஞ ஞ ஞ
pilaiyaaka,பிழையாக,ஈ ஃ <PAD> ண ட ண ஃ ஃ ண <SOS> <SOS> ஈ
moines,மோன்ஸ்,<PAD> <PAD> ழ
yooe,யூ,<SOS> <UNK> <SOS> <PAD>
chhateja,ச்சடேஜா,<PAD> ண <UNK> ஞ ட ட ி <SOS> <UNK> <UNK>
aan,ஆன்,
kaithiyin,கைதியின்,
nokkik,நோக்கிக்,<UNK> ஈ ஞ ஈ
senjchi,செஞ்சி,ஞ <PAD> ண <PAD> ி ஞ ி ண <UNK>
poruppaettru,பொறுப்பேற்று,ட <UNK> ஈ ண எ இ ண ஈ ஞ ி ி ஞ ி ஃ
glaxosmithkline,க்ளேக்ஸோஸ்மித்க்ளின்,ஞ ங <PAD> ங <PAD> ண எ இ இ ே இ வ இ ி ௌ ஜ <UNK> ஃ ீ ஞ இ ஞ
munechcharikkai,முன்னெச்சரிக்கை,வ இ ண ண
mugaamai,முகாமை,ஈ <UNK> ழ <PAD> <PAD> ட
kadavulkalin,கடவுள்களின்,எ <UNK> ஓ ண <PAD> இ ண ட <SOS> ி ழ <UNK> இ <UNK>
mikkavar,மிக்கவர்,ண ண
naeyargal,நேயர்கள்,<SOS>
irukkumpoathu,இருக்கும்போது,எ இ <UNK>
kuutamum,கூட்டமும்,ட <SOS> <UNK> <UNK>
pandri,பன்றி,ழ ி ி ி ி <UNK> <UNK> <UNK>
pithappai,பித்தப்பை,ஈ
vazhikattral,வழிகற்றல்,ஈ எ இ ஓ ஈ ஃ ஃ <SOS> ஓ <UNK> <SOS> ஓ ட இ
thousand,தௌசண்ட்,ஞ <UNK> ஞ <SOS> <UNK> ஞ
uyarnilaip,உயர்நிலைப்,ண ஞ ி ஞ ஞ <PAD> ி <PAD> ட ஈ ட
othara,இதர,<SOS> <SOS> <SOS>
peruvathargaaga,பெறுவதற்காக,<SOS> ி ஈ ஈ <SOS>
kooravum,கூறவும்,ஈ ஈ ழ <PAD> <PAD> ண <UNK>
shandilya,ஷான்டில்யா,ி <SOS> ட ழ <PAD> ஈ ஈ <PAD> ண <PAD> ஃ ஓ
paarppavargalukkaaka,பார்ப்பவர்களுக்காக,ண ஓ ா ஓ <SOS> ே ி ி
vazhakkukalil,வழக்குகளில்,<PAD> ஞ <PAD> ஃ ஓ <SOS> <SOS> ஞ <UNK> ண ஃ ஞ ண ஞ
aavanappaduthuvathu,ஆவணப்படுத்துவது,ழ <SOS> எ <SOS> ஃ ண ங எ எ ஜ ஜ ஜ ஜ <PAD> ஜ வ ஓ வ ா எ எ
pharmaceuticals,பார்மசூட்டிகல்ஸ்,ஓ எ ண ா <UNK> ட ட வ வ
jeykumaran,ஜெய்குமாரன்,
varith,வரித்,<UNK> ஞ <PAD> ஞ ழ ழ ண <SOS>
valiyuruththiyulladhu,வலியுறுத்தியுள்ளது,இ ஜ உ ட ட ஞ ஈ ூ ட ழ ஈ ீ ௌ எ எ ட ஓ இ ி <PAD> <PAD> ௌ வ
palaththa,பலத்த,ட
klein,கிளீன்,ண
nirvaaga,நிர்வாக,<UNK> ி ி
oppandhap,ஒப்பந்தப்,<UNK> <PAD> ண ஈ <SOS> ஞ <SOS> <SOS> ட ட <UNK>
thiraiyulagin,திரையுலகின்,ி ி
valukkattaayamaaga,வலுக்கட்டாயமாக,ண
castro,கேஸ்ட்ரோ,ஈ <SOS> ண ஞ ண ி ஈ ஈ ஈ ஈ
chakrabortty,சக்ரபோர்ட்டி,ி ஃ ஈ ஞ எ ட ட <PAD> ஞ <SOS> ண இ ஈ ஈ
chutalaimaatan,சுடலைமாடன்,ட ழ ழ ட வ
melton,மெல்டன்,ண ண <SOS> <PAD> ஈ
shahjahanpur,ஷாஜஹான்புர்,<SOS> <PAD> ி ஞ ஈ ி <UNK> ி <PAD> ி <SOS> ட ட <SOS>
kyubaa,கியூபா,ழ <PAD> <UNK> <PAD> ி ி <SOS> <PAD>
sadhavaahana,சதவாஹன,ண ண
aapogusil,ஆப்போகசில்,ண ஓ <PAD>
olympia,ஒலிம்பியா,ட ஞ ஈ ஃ ி ஞ ழ ட ண ண ண
centro,சென்ட்ரோ,ண <SOS> ட ஈ ஈ <PAD> ி ி ி <SOS>
itheyvelai,இதேவேளை,ி <SOS> <UNK> <SOS> <SOS> <SOS> ஓ
amaiththirunthavargal,அமைத்திருந்தவர்கள்,<UNK> ஓ ஓ <PAD> ங ஃ
japan,ஜப்பான்,ஈ <PAD> <PAD> <SOS> ஈ <UNK> ஈ ஈ <SOS>
nasreen,நஸ்ரின்,<PAD> <SOS>
puthucheri,புதுச்சேரியை,ட ஃ எ ட ண ண ஃ ழ இ இ
haaris,ஹாரிஸ்,<PAD> ண <SOS> ண ழ ழ <UNK> ஞ
emile,எமிலி,<PAD> <SOS> ண <PAD>
seyalpadumpothu,செயல்படும்போது,வ ஃ ழ இ ழ ட <SOS> ஞ ஓ ட ஃ ி ஞ <PAD> ஓ ஓ இ
viduththullathu,விடுத்துள்ளது,ா ஓ எ ழ ஓ வ வ இ <UNK> வ <PAD> ஈ ஈ ண ண வ <SOS>
kuraikkappattulladhu,குறைக்கப்பட்டுள்ளது,வ <SOS> <UNK> ஜ <PAD> ா எ ஈ இ ங ஓ ீ ீ <UNK> ே ா ட ஈ <UNK> ண ண ஜ
forge,ஃபோர்ஜ்,ண <PAD> <PAD>
sekariththu,சேகரித்து,ஈ ி ண ஓ <PAD> <PAD> <UNK> ஈ ட ஃ ஈ <UNK> ட
kuraindhdhavargal,குறைந்தவர்கள்,ட ட ி ி <PAD>
silica,சிலிக்கா,<PAD> <UNK> <UNK> <UNK> ழ ழ <SOS> ஈ ஞ ண
vaachiththavatrin,வாசித்தவற்றின்,ழ ே
praem,பிரேம்,ி ண <PAD> <PAD> <PAD> <PAD> ண
kooriyiruppadhaavadhuk,கூறியிருப்பதாவதுஃ,<SOS> ஃ ீ ா ட ஓ ஜ உ ஈ இ ட ௌ <SOS> ஞ ட <SOS> ழ எ ௌ <SOS> ஈ ட ழ ங
majesco,மஜெஸ்கோ,ஞ ண
fro,ப்ரோ,<PAD> <PAD> ி ி ி <UNK>
vegappandhu,வேகப்பந்து,எ <PAD> <PAD> <SOS> ஃ ஃ ஓ ஓ ட ஈ ி ஞ
pompano,போம்பனோ,ண ழ <PAD> ழ ி ழ ஞ
seidhullaargal,செய்துள்ளார்கள்,ஓ ஓ ஓ ட <UNK> <UNK> இ எ வ
vetrtrita,வெற்றிட,ி ி ண ண <UNK> ி ஈ ஈ ழ ி <PAD>
kelvinn,கெல்வின்,ஞ ழ ஈ <PAD> <UNK> ஞ ண <PAD>
cholar,சோழர்,<UNK> <SOS> ி ஞ ழ <PAD>
kelwiin,கெல்வின்,ண <SOS> ட <UNK> <UNK> ி <PAD> ஞ
taklas,டக்ளஸ்,<SOS> ழ ி ி ி <SOS> <PAD> <PAD>
vaanginaal,வாங்கினால்,ி ட ட ழ ஈ ழ <SOS> ி ி
vanthiyathevan,வந்தியத்தேவன்,ஓ <UNK> எ <PAD> ஞ <UNK> ஞ
adheedhamaana,அதீதமான,ஜ <SOS> <UNK> ண <SOS> ஈ ஃ ழ ஞ <SOS> <UNK> ஜ ஜ <SOS> ண
thara,தாரா,
maruththullathu,மறுத்துள்ளது,<PAD> ட <SOS>
aalaiyum,ஆலையம்,<SOS> ி <UNK> ண <SOS> ட ி <PAD> ஈ ட
kozhuppil,கொழுப்பில்,ண ண ஈ <PAD> <PAD> ட <SOS> <PAD> ஃ ழ <UNK> <UNK>
kiuubaa,கியூபா,<SOS> <UNK> <UNK> <UNK> ண ஞ ண ண ி
varavirukkum,வரவிருக்கும்,எ
kolunthu,கொழுந்து,ஈ <PAD> <UNK>
akola,அகோலா,ழ <SOS> <PAD> ண <UNK> ி ழ
vaanggich,வாங்கிச்,ஈ ட <PAD> <SOS> ண ி
athumattumillamal,அதுமட்டுமல்லாமல்,ட <UNK> <UNK> ஓ ே ஞ ஞ எ ஈ வ ஈ ஈ ஈ <SOS> ஞ ஓ ஓ ஓ ஓ
cet,பம்ப்,ழ ழ <UNK> <SOS> ழ <SOS> <PAD>
commerce,காமர்ஸ்,ட <PAD> ி ி ஞ ி ண ஞ ஈ ஈ
tourisamaaga,டூரிஸமாக,
anniyaraanaar,அந்நியரானார்,<PAD> <UNK> <UNK> ஞ ழ ஈ ட ஃ ஃ ஓ <PAD> ஓ இ <PAD> ழ
santhiraashtamam,சந்திராஷ்டமம்,ா வ வ வ ா <SOS> <SOS> <SOS> ா ா ஈ ங ட ஓ ஈ ங ி ஃ
yeppadich,எப்படிச்,<PAD> ஈ ஞ ஈ ழ ஞ <SOS> ட <UNK> ஃ <SOS>
paathaiyaip,பாதையைப்,ண ஃ ண ஃ ஃ <SOS> ஃ ழ ஈ எ ழ <SOS> <SOS>
collins,காலின்ஸ்,ண <PAD> <PAD> <SOS> ி <PAD> ஞ ஞ ஞ ட
renewables,ரென்யூவபில்ஸ்,<UNK> <UNK> <UNK>
aanaiyaththil,ஆணையத்தில்,<UNK> <SOS> <PAD> <UNK> ட ஞ ஃ ட ஞ ஜ இ <PAD> ஓ ஓ ட
thambadhiyinarukku,தம்பதியினருக்கு,ஓ ஓ ீ ீ ஓ ா இ ஞ <UNK> ஞ ழ இ இ இ ே <SOS> ீ ண இ ட
africavai,ஆப்பிரிக்காவை,ஃ ஃ ி ி
vaakkuvaathathil,வாக்குவாதத்தில்,ங ி ண வ வ வ ி வ ஈ ஓ <SOS> ழ <SOS> ங ங ங ங ஜ
thaandavamaagath,தாண்டவமாகத்,<SOS> ட ஈ வ வ எ எ எ ஞ எ ட ழ ண இ <SOS> வ ஈ ஈ
payirgalaith,பயிர்களைத்,ழ ஈ
vidayamaaka,விடயமாக,ஓ ஃ ி ி ஓ <SOS> ஓ ி ட ட ஞ ி <PAD>
kuuttamum,கூட்டமும்,
wellsh,வெல்ஷ்,ழ ண <PAD> ி ி ி <PAD>
maaligaikku,மாளிகைக்கு,ண <SOS> ட ஃ ஓ ஓ <PAD>
kanduvarugindraargal,கண்டுவருகின்றார்கள்,ஈ
apex,அபெக்ஸ்,
nutrruvargalukku,நூற்றுவர்களுக்குக்,ண ா ஞ <UNK> ஈ ஈ
leten,லத்தீன்,<PAD> <PAD> ஈ ண <UNK> ி <SOS> <SOS> <SOS>
makilchchiyudan,மகிழ்ச்சியுடன்,
thaangak,தாங்கக்,<PAD> <UNK> ஞ ட ஈ ழ
zordan,ஜோர்டான்,ஞ ண ஈ ண ி <SOS>
aasiriyargalukku,ஆசிரியர்களுக்கு,ட ஞ <UNK> ஈ எ எ ஞ <SOS> <SOS> <SOS> எ எ ஈ இ ா ா <PAD> <UNK>
aayeraththu,ஆயிரத்து,ஓ ண <PAD> ழ எ <PAD> ி
innel,இன்னல்,
seiyyappaduvathum,செய்யப்படுவதும்,இ ங
solapuram,சோழபுரம்,ண ண <PAD> ி <PAD> ி ஞ ி ட ஞ <UNK>
karthikeeyan,கார்த்திகேயன்,இ <UNK> ழ ஈ இ <UNK> ண
ontruthirandulla,ஒன்றுதிரண்டுள்ள,<SOS> ழ ழ இ ஈ ங இ ஓ வ <SOS> ஜ ஜ ண ஞ <UNK> <SOS> ஃ <SOS>
tanu,தனு,<SOS> <SOS> <SOS> <SOS> ழ ழ
seyarpatiruppadhaaga,செயற்பட்டிருப்பதாக,ஜ ா <PAD> ா ௌ ண <PAD> <PAD> ஈ ங ண ஜ உ ட
vaiththiyanaatha,வைத்தியநாத,
cigniti,சிஃக்னிடி,<UNK> ஞ ி ி ண ழ
thamilakatthilum,தமிழகத்திலும்,<PAD> <UNK> வ இ ஜ <UNK> ஜ ஜ <SOS> <UNK> <UNK>
asoogaavai,அசோகாவை,<SOS> ஞ ஞ ஓ ஓ ஈ ட <SOS> ஞ <SOS> ண ஈ
akaththikkeerai,அகத்திக்கீரை,ஈ ஈ <SOS> ட ி <UNK> <PAD> ஃ <SOS> எ ஜ எ ா
excel,எக்ஸெல்,ண ண ண <PAD> ழ <UNK> <SOS> <SOS> <PAD>
immakkal,இம்மக்கள்,<UNK> ஈ ஞ
koottatthai,கூட்டத்தை,ஞ ஈ <UNK>
vivariththullaar,விவரித்துள்ளார்,ஜ ழ ழ <SOS>
veettukkul,வீட்டுக்குள்,ஓ எ ண <SOS> <SOS> ஃ ஃ ஃ <UNK> ஃ <PAD> <PAD> <PAD> <SOS>
insurance,இன்சூரன்ஸ்,<SOS> ஃ <UNK> ஃ
koduppathaaga,கொடுப்பதாக,ட
japanai,ஜப்பானை,<UNK> <UNK> ழ ழ ண <UNK>
santhiththup,சந்தித்துப்,<UNK> ட ி <PAD>
karunakaran,கருணாகரன்,ட ழ ி ி ஓ ண <PAD>
appadip,அப்படிப்,<PAD> ண ண ி <SOS> <SOS> <SOS> ழ <SOS> ழ
kaidhigalai,கைதிகளை,ண <SOS> ண ி <SOS> <SOS> ழ ஈ ஃ ஓ
thamilagatthilum,தமிழகத்திலும்,ஓ ழ ஜ எ எ ங ஞ இ ஞ ஈ ழ
poola,போலா,ண <UNK> <UNK> ழ <SOS> <UNK>
kandarinththa,கண்டறிந்த,<UNK> <PAD> ஞ எ ஈ ஃ ஓ ழ <SOS> ண ஜ எ ி <PAD> ஓ
palakaiyin,பலகையின்,ண ட ஓ ஈ ண <UNK> ஃ ி ஃ ி <SOS> <SOS>
inrith,இன்றித்,
thodarbugalaiyum,தொடர்புகளையும்,ி ஈ ங <UNK> ழ ழ ா ா ி ா ி ட ி ி ி <PAD> ங ஞ
logistics,லாஜிஸ்டிக்ஸ்,ழ ட <UNK> ி ஓ இ எ
noolagangkal,நூலகங்கள்,<SOS> <SOS> ி ட ஈ <SOS> ி ஓ ஃ ஃ
nanmaiyae,நன்மையே,ஃ ழ ழ ஈ <PAD> <PAD> ழ <UNK> ஞ <SOS> ழ
neeraith,நீரைத்,<SOS> <SOS> ண ஈ ழ <PAD>
kovaiyin,கோவையின்,ி ி ண <UNK> <PAD> <SOS> ஞ ண ட ழ
uudakam,ஊடகம்,<SOS> <PAD> ி ி <PAD> <SOS>
thamizhakatthaich,தமிழகத்தைச்,ி <UNK> ட <PAD> ி ஓ ி ே ழ எ ண ி ா எ ழ இ ி <UNK> <UNK>
deepanggal,தீபங்கள்,ஈ ி ி ஞ ஈ ழ ஞ <SOS> <PAD> ண ஈ
wladimir,விளாடிமிர்,ண
uruppugalaiyum,உறுப்புகளையும்,ழ ட ஜ ழ ட ஃ வ வ <PAD> ஓ <SOS> ட ஈ ஜ <SOS> ழ
mikkavargalaiyum,மிக்கவர்களையும்,எ ி ஞ ண <SOS> ஓ ஓ ங <PAD> ா ஓ ஓ ண இ இ இ ட ஞ
assam,அசாம்,ழ <SOS> <PAD> ி <SOS> <SOS> <SOS>
mudiyalai,முடியலை,ழ <SOS> ண ண ஈ ி ஃ ட ி ண
melaadhikkangal,மேலாதிக்கங்கள்,ஃ ண <PAD> இ ஃ எ எ எ ஃ ஃ <SOS> ண <SOS> <PAD> ஞ ஜ ஞ
aerpadum,ஏற்படும்,ஈ ி ழ ஞ <UNK> ி <UNK> ஈ ஈ ட
amrishtaril,அம்ரிஸ்டரில்,ட ட ஓ இ இ <SOS>
latchaththirkum,லட்சத்திற்கும்,ழ ஜ எ எ ட <SOS> <SOS>
unavuch,உணவுச்,<PAD> ஈ ழ ழ ழ
aarae,ஆறே,<UNK> ழ <UNK> <PAD>
kovindhaiyum,கோவிந்த்தையும்,ண <UNK> ஓ எ ஓ ஓ ஓ
munnuthaaranamaaga,முன்னுதாரணமாக,ஈ ஈ எ ங ஓ ஓ எ <UNK> வ ஓ ண <PAD> ஓ <PAD> <PAD> ே ி எ இ
olsen,ஆல்சென்,<PAD> <SOS> <SOS> ண <PAD> ஞ ழ <SOS> ஈ
elagip,எளகிப்,<PAD> ி ண ஞ ழ <UNK> ழ
odici,ஒடிசி,
udhagamandalam,உதகமண்டலம்,ஞ <SOS> <UNK> <UNK> ண ண ண ஞ வ ஞ <SOS> <SOS> <SOS> எ எ ஜ
alaihi,அலைஹி,ி <SOS> ஞ <PAD> ழ ழ ஞ ழ
evaiyae,இவையே,ழ <PAD> <SOS> <PAD> ி <UNK> <UNK> ழ <PAD>
geethanjali,கீதாஞ்சலி,<PAD>
pethonn,பைதான்,<UNK> <PAD> ஈ
kalyaana,கல்யாண,<PAD>
kaahpi,காஃபி,ழ <SOS> ழ
volgaa,வோல்கா,<UNK> <SOS> ண <UNK> ண <PAD> ண ழ
parisoathiththu,பரிசோதித்து,ஓ இ ஃ <SOS> <SOS> ஃ ஃ <SOS> வ ஓ ண ஓ
perth,பெர்த்,<PAD> ஞ <SOS> <UNK> ழ
kadhaanaayaki,கதாநாயகி,ஞ ட ஈ எ ஃ எ இ ட ி ி
newark,நியூவார்க்,ண ட ி ஞ ண <SOS> <SOS> ழ ஞ <PAD> ண <UNK>
diie,டை,<UNK>
padippaith,படிப்பைத்,ஓ ஞ
adhirchchiyadaindha,அதிர்ச்சியடைந்த,ஓ ட வ <UNK> ஓ ட ி ி ி ஈ ஈ ஜ ஜ <SOS> ா <UNK> ட ா வ ௌ வ
uthadugalla,உதடுகள்ல,<SOS> ஃ ஓ <PAD> ஞ ஞ
aliyum,அலியும்,<UNK> ஈ <UNK> ஞ ஞ ஞ <SOS> ஞ ஈ
gita,கீதை,<UNK> <SOS> <SOS>
veruththa,வெறுத்த,ட <SOS> <SOS> <PAD> <PAD> <PAD> ழ ி ழ <UNK> <SOS>
kotturu,கோட்டுரு,ஞ ி ஈ ஞ ி ி ண ண ட ஈ
nelson,நெல்சன்,ண <SOS> <PAD> ழ <UNK> <UNK>
cubavil,கியூபாவில்,ஞ ஃ ஈ ஃ ஈ ஈ ஈ <PAD> <UNK> ண ஈ ஓ
kadarkaraiyil,கடற்கரையில்,ழ ஃ ி ட <SOS> ஞ ஈ எ எ ஈ ண ஜ <PAD> <SOS> ஈ
peravaith,பேரவைத்,ழ ழ ழ <SOS> <SOS> ட <SOS> ஈ <SOS> <UNK> ண
chankankalukku,சங்கங்களுக்கு,ஓ ஓ <UNK> <UNK> ண <SOS> ஈ ஃ ட வ ஜ ழ ஃ எ எ
saethamadainththu,சேதமடைந்தது,ஞ ஈ ே எ ஈ ி எ <PAD> ண ங ஓ ஃ ட ண இ இ ஞ ா <PAD>
udambai,உடம்பை,<SOS> ழ ண ண <SOS> <SOS> <SOS> <PAD> ஈ
vidhya,வித்தியா,ஞ ஞ <UNK> ி <UNK> <UNK> <UNK> <UNK> ஈ ஞ
strong,ஸ்ட்ராங்,ஈ <SOS> <PAD> ஞ ஞ ட <PAD> ஈ ி <SOS>
azhiththanar,அழித்தனர்,ஃ ண <PAD> இ ட ி ஓ
baka,பகா,<UNK> ழ <UNK>
ventum,கிடைக்க,<UNK> <SOS> <UNK>
aangalukkaana,ஆண்களுக்கான,ழ <SOS> <SOS> ஃ ஃ ட ஞ ி இ ஞ இ இ <UNK> எ ண
kalvikkaka,கல்விக்காக,ஃ <SOS>
uyirvaalum,உயிர்வாழும்,<PAD> ி ஓ எ ி ஃ எ ஃ ழ ழ எ ழ <PAD>
asokan,அசோகன்,<UNK> ி <PAD> <PAD> <SOS> ி ி <UNK>
thamilakatthukku,தமிழகத்துக்கு,ஜ ஃ எ ஃ ஃ ஞ <PAD> வ வ <UNK> ஓ <PAD> ங ஃ ஃ ி ி எ
theriviththullathaga,தெரிவித்துள்ளதாக,ஃ ழ ண ண ங
deoghar,டியோகர்,<PAD> ழ ழ ண <SOS>
mikkathu,மிக்கது,
uththirappiradhesa,உத்தரப்பிரதேச,ஃ ட ட ஞ ஞ ஞ ஞ ஃ ண ஜ ஓ ங ஓ <SOS> ே ஓ ீ <PAD> <PAD> ீ
inththiyaavai,இந்தியாவை,
manudhaarar,மனுதாரர்,ஓ ஃ
nikazhvukalaal,நிகழ்வுகளால்,<SOS> ஈ ஈ <PAD> ஓ ழ ஓ இ ஞ
thandanaiyilirundhu,தண்டனையிலிருந்து,ஓ ஈ ஓ ண ழ <UNK> ி ஓ ங வ ட ஜ ௌ
sura,சுரா,<UNK> ி
seimadhi,செய்மதி,<SOS> <PAD> ி <SOS>
pearland,பியர்லேண்ட்,
pinpuramaaka,பின்புறமாக,இ <UNK> <PAD> <UNK> எ எ ழ <PAD> <PAD> <PAD> ி ஈ ி இ
naarkaali,நாற்காலி,<SOS> <SOS>
ivanga,இவங்க,<PAD> <SOS> ஞ
yeitha,எய்த,ஞ <SOS> <SOS> <UNK>
yedhirkka,எதிர்க்க,<SOS> <PAD> <PAD> ண ண <UNK> <SOS> ி
inaithidumaaru,இணைத்திடுமாறு,ஓ ஓ ி ழ ழ வ ஃ ஃ
seigira,செய்கிற,<UNK> <UNK> <PAD> <UNK> ஞ ண
kadambur,கடம்பூர்,<SOS> ண ழ <SOS> ஞ ஈ ஈ <PAD> ி
ivanaippaadiya,இவனைப்பாடிய,<SOS> <SOS> வ <UNK> ட ழ ஓ ஞ எ ட ட ண ண ண ழ <UNK>
pasukkazhil,பசுக்களில்,<UNK> ண ி <PAD> ஃ ஈ ஃ ஈ ஃ ட <PAD> <PAD> ஞ
kandarinthanar,கண்டறிந்தனர்,<PAD> ஈ <SOS> வ
quuantuumm,குவாண்டம்,ட <SOS> ண ஈ ஈ ஈ <PAD> ழ ழ
munvaiththaar,முன்வைத்தார்,ஜ ழ <PAD> <PAD> ழ <SOS> <UNK> ஈ <UNK> ழ ட ி <SOS> <SOS>
pachchaanaip,பச்சானைப்,<PAD> ஞ ண ழ
snow,ஸ்ணோ,<PAD> <SOS> <SOS> <SOS> ழ ழ
thalaiyittu,தலையிட்டு,ி ஈ <UNK> ஞ <SOS>
delhi,டெல்லி,<UNK> <PAD> <PAD> ி <SOS> <UNK> <PAD>
fernandez,பெர்ணான்டஸ்,<UNK> <UNK>
mitra,மித்ரா,<SOS> ி
kei,சாவி,ி <UNK> <PAD> <SOS> <SOS> <PAD>
mandadi,மண்டடி,<UNK> ஞ <UNK> ண ண ண
quuantam,குவாண்டம்,ி ழ ழ ழ <SOS> ஃ ஃ ஃ <PAD> <PAD> ஈ
vaedhi,வேதி,ழ ண ண ஞ
kaalaththai,காலத்தை,ஃ <PAD> ி ண <PAD> ஃ <UNK> ண ஓ ட ி ண ஈ
ilakkiyaththuraikalukku,இலக்கியத்துறைகளுக்கு,ழ எ ங ோ ே ே <SOS> <SOS> ா ங ஜ ஞ ஓ ட ூ வ எ ஓ ோ ோ ௌ ழ ீ ண <PAD>
sosalisa,சோசலிச,<PAD> ஈ <UNK> <SOS> <SOS> ஈ ண <SOS> <SOS> ஞ
abuthaabiyil,அபுதாபியில்,ட ட ட ி ி ழ <PAD>
alam,அலம்,ி <SOS> ி ி ழ <SOS>
amaitthukkondullathu,அமைத்துக்கொண்டுள்ளது,ே ீ <UNK> ட ஞ ஜ ே <SOS> இ <PAD> <PAD> <PAD> <PAD> ழ ண வ ஜ <UNK> ட ௌ ா ே
manipur,மணிப்பூர்,<PAD>
aaivukkaana,ஆய்வுக்கான,ஞ ஞ எ ஓ ஓ ண ஈ
pukazhpetraar,புகழ்பெற்றார்,<UNK> ஓ இ இ <SOS> ி ட ழ ி ழ ி ட ி எ எ
bhiwani,பிவானி,ி <PAD> ஈ <SOS> ஞ ஈ <PAD> ஈ
ezhuthiyullathu,எழுதியுள்ளது,ட எ <SOS> ஞ ட ஃ வ வ
yelimaiyaaka,எளிமையாக,ஞ ஞ ஃ எ ழ <SOS> <SOS> <SOS> இ <UNK> <UNK> <PAD> <UNK> ி
maalaikal,மாலைகள்,<UNK> ஃ ஃ ஞ ட ஈ <UNK>
bathilum,பதிலும்,ஞ ஞ <SOS>
varigal,வரிகள்,ண
deccan,டெக்கான்,ஈ ி <SOS> ஞ
dhonee,டோனி,ி ி ண ண <UNK>
apinaya,அபிநய,<PAD> <UNK> ஈ ஈ <UNK> ஞ ஞ <UNK> ஞ
yeluthiyullathu,எழுதியுள்ளது,<PAD> <UNK> ா ஃ ா எ ஜ ஈ <SOS> ஓ ழ எ ட இ
sollukkaana,சொல்லுக்கான,<SOS> ஃ ஈ <PAD> ஞ ண ண <SOS> ி ஞ
siridhazhavu,சிறிதளவு,
yookan,யோகன்,<UNK> <UNK>
thodankinen,தொடங்கினேன்,<PAD> ழ ழ எ ழ <PAD> <SOS> ஓ ட <SOS> ட ஃ ஃ
fatima,ஃபாடிமா,ழ <UNK> <PAD> ண ஞ
thiriththanna,திரித்தன்ன,
gandhimathi,காந்திமதி,<UNK>
suthamana,சுத்தமான,ஈ <PAD> <PAD> <PAD> <SOS> ஈ ி <SOS> <PAD> ஃ ஃ
ilanthu,இழந்து,<PAD> <PAD> ி ண
avathaaranggal,அவதாரங்கள்,ழ ஜ வ ி ஃ
tharukintraar,தருகின்றார்,<PAD> ண ண ழ ட ஓ <SOS> ஃ ழ ழ
aandilirunththu,ஆண்டிலிருந்து,<PAD> ா ண ஞ <PAD> <SOS> ி <SOS> ஜ ண ஃ ஞ ண ண ண ண ண
goolda,கோல்ட்,<SOS> ி ி ி <SOS> ி <PAD> ி
ellison,எலிசன்,ஞ
athithamana,அதீதமான,ண <PAD> ழ ழ <SOS> ட ஃ எ ஈ ஈ ஈ <UNK>
orangal,ஓரங்கள்,<SOS>
sreenivaasan,ஸ்ரீநிவாசன்,<SOS>
paava,பாவ,<PAD> <PAD> <UNK> ண ி ி <SOS>
ottik,ஒட்டிக்,<SOS> <PAD> ஞ
palagaiyil,பலகையில்,ழ ழ ி ி ி ஈ ஈ ட <SOS>
kulanthaai,குழந்தாய்,ட ழ ழ ழ ட ட ட ழ <UNK> ஃ ஃ <PAD>
paathikkap,பாதிக்கப்,<UNK> ஈ ண ஓ <SOS> ஃ ட ட ட ஈ ஞ ஞ
kathirveecchin,கதிர்வீச்சின்,ட ஃ ஞ ி
indhuk,இந்துக்,<SOS> ழ ஈ <SOS> <SOS>
ventures,வெண்சூர்ஸ்,ஃ ட ஞ ஈ ஞ ட ட ஞ <PAD> <PAD> ஈ ழ
monterey,மான்டிரே,ழ ஈ ழ <UNK> ண ட ஞ ஈ ி <PAD>
izhuthupottavar,இழுத்துப்போட்டவர்,ங ட ண இ ா ஞ <UNK> வ
povatharku,போவதற்கு,<UNK> ஓ ஈ ஞ ஓ ஓ ஓ <PAD> ண
aagividum,ஆகிவிடும்,ஞ <UNK> ி ட ஞ ஈ
padutthiya,படுத்திய,<SOS> <PAD> ஓ ஓ ஓ <SOS> ி
mudhalvarai,முதல்வரை,<SOS> <PAD> ி ண ஃ ண ஈ
thalaimaith,தலைமைத்,ழ <PAD> ண <PAD> <PAD> <PAD> <SOS> ட ஓ ஞ
thoarruviththaar,தோற்றுவித்தார்,ா ங <PAD> ி ங ா ஞ <PAD> <UNK> இ ழ ா <UNK> ண ண ா ஜ ஜ
kannikalaich,கண்ணிகளைச்,ஞ <PAD> <SOS> ி எ ி எ ட எ ஃ இ ஞ இ <SOS>
kaimioo,கேமியோ,<PAD> <PAD> ி <SOS> ழ ழ <UNK>
veentum,குளிக்க,ி
devaalayam,தேவாலயம்,ஈ <SOS> <PAD> ி ி ஞ ஞ ஞ
veluththu,வெளுத்து,ண ி <PAD> ஞ <UNK> <SOS>
ooduruvalgalukkum,ஊடுருவல்களுக்கும்,ி <SOS> ி ா ே <UNK> ழ <PAD> ழ ஓ ே ண ே ஓ <UNK> <UNK> வ ஞ இ
naattavargazh,நாட்டவர்கள்,ி ஈ ழ ஓ ழ
killeen,கில்லீன்,ண <SOS>
kuudumaana,கூடுமான,
kool,கூல்,
thiranaalikalukkaana,மாற்றுத்,ஓ ஜ ங ஜ
seiyappattan,செய்யப்பட்டான்,வ ட ட ஈ ட
vanggak,வங்கக்,<PAD> ஈ <PAD> <SOS> ஞ ஈ
mupparimaana,முப்பரிமாண,ண ஃ ஃ எ ஈ இ இ ட ஓ
makizhunthu,மகிழுந்து,<PAD> ழ ழ
ippodhey,இப்போதே,
udalparumanukkum,உடல்பருமனுக்கும்,ஓ ண ங ஜ <UNK> <SOS> வ ஈ ழ ண ஓ ா ட ா
bye,பை,<PAD> <SOS> <SOS> <PAD> <SOS>
mukaitheen,முகைதீன்,<PAD> ஞ <PAD> ி ஓ <SOS> ி ட ஃ ஃ ஓ <PAD>
ther,தேர்,ி ி ி <PAD> <SOS> <SOS>
aarvamum,ஆர்வமும்,ஈ ஈ <UNK> ஞ ழ ி ி ி ழ ழ
railgal,ரயில்கள்,<UNK> ஞ ஈ ி ஈ ஈ ி <PAD> ஞ ட
woonsocket,வூன்சாகெட்,<PAD> ஞ
paththaandu,பத்தாண்டு,
sasthri,சாஸ்திரி,<PAD> ண ண ண ண
sangiligal,சங்கிலிகள்,<PAD> ட ட <UNK> ழ
kinna,கிண்ண,<SOS> ண ி <UNK> <SOS> <SOS> ி
uthaviyaalargal,உதவியாளர்கள்,ஈ வ வ ஃ ா ஞ ஞ <PAD> ஈ ஜ ஜ ா <SOS> ா <UNK> ா ஜ
aaksuvaris,ஆக்சுவரிஸ்,ண ண
evu,ஈவு,
vaakuvaadham,வாக்குவாதம்,<PAD> <PAD> ி இ இ ஞ ஞ
aayeraththai,ஆயிரத்தை,எ ஓ ஈ ஓ ஓ ட ட ட ஈ எ
thodarbuth,தொடர்புத்,<PAD> ி ழ <PAD> <PAD> ண ண ண <PAD> ஃ ஈ ண
rahman,ரஹ்மான்,ண <SOS> <PAD> ஈ <PAD> ி ஞ ழ ழ
miqii,மிக்கி,
kaavalthuraip,காவல்துறைப்,<UNK> ி ி ி
cincinnati,சின்சினாட்டி,<UNK> ஓ ஓ எ ஞ <SOS> ஞ எ ண ஓ ஈ ஈ ஞ ஞ
goodyear,குட்யியர்,ழ ி <SOS> <SOS> <SOS> ஈ ஃ ழ ஃ ஃ ஃ
naalgalil,நாள்களில்,<PAD> ண <UNK> <UNK> <UNK> <UNK> ி <SOS> ழ ி ழ
rand,ரேண்ட்,<SOS> ஞ ஞ
idaippaguthiyilulla,இடைப்பகுதியிலுள்ள,ழ ங <SOS> <SOS> ழ ஞ ௌ
saregama,ஸரிகம,ி <UNK> ி ழ <PAD> ட <SOS> ழ ழ ழ
heidelbergceat,ஹைடில்பெர்க்சியேட்,
nicotine,நிகோடின்,ி ஈ ஈ <UNK> <UNK> ட
vitayamaaga,விடயமாக,எ ி
paathiyaaka,பாதியாக,<UNK> ஈ <SOS> ழ ஓ எ ி ஞ <PAD> <SOS> <SOS> ண <SOS>
musleem,முசுலீம்,ண <SOS> ழ
nadaththinar,நடத்தினா்,ட <PAD> ஈ ட <UNK> எ
thamillaiyum,தமிழையும்,<PAD> இ ட ஞ ழ ி <SOS> இ <SOS> <UNK> <UNK> ஓ ண ஈ
ain,ஆன்,<UNK> <PAD> <PAD>
mukaththuvaaraththil,முகத்துவாரத்தில்,ஈ <PAD> ஜ <UNK> ழ ழ ழ <PAD> ே <PAD> எ ங ீ ங ஃ <PAD> ஃ இ ங ட ட ஈ
thoguththaar,தொகுத்தார்,
thodarbukalil,தொடர்புகளில்,ழ ட ழ ி ி ட <UNK> <PAD> இ <SOS> ஜ ஞ ஞ ஓ ஞ
anpaip,அன்பைப்,<SOS> <UNK> ண ி ி ண ஈ <SOS> <PAD>
aalaaga,ஆளாக,ண <SOS> ஈ ஈ ி ி <SOS> <UNK> <PAD>
hattiesburg,ஹட்டீஸ்பர்க்,ட <UNK> ஓ ஃ ஓ ஓ இ
capsyulukku,கேப்ஸ்யூலுக்கு,ஓ ஈ <SOS> ஞ ண ண ட ட <SOS> ண
odyssey,ஒடிசி,
kulaththinaraik,குலத்தினரைக்,
euro,யூரோ,<UNK> ி <PAD> ழ ழ <UNK>
iniyaavadhu,இனியாவது,ண ி ஃ ட ஈ எ ஃ ண ண ண ண ஓ ஓ
sugar,சுகர்,<UNK> <UNK> ி
chakkarattaip,சக்கரத்தைப்,ஈ ட ஈ ழ ழ <SOS> ழ <PAD>
darpoo,டர்போ,<SOS> <PAD> ி <UNK> ண <PAD> ண ண
maruththuvamanaikal,மருத்துவமனைகள்,எ <PAD> ௌ ீ ஜ ஜ <PAD> ஓ ஈ ஜ ா ி ஜ
ggoo,கூ,<SOS> <PAD>
vaiththiyasaalaiyin,வைத்தியசாலையின்,ஓ ஜ எ வ ஜ ஜ ஜ வ <PAD> ௌ எ ஈ எ ீ <UNK> ட <SOS> ௌ இ ஈ ீ
sikar,சிகர்,<PAD> ழ ி
mandabaththinullea,மண்டபத்தினுள்ளே,ஜ ட ஜ இ ஃ
nelsan,நெல்சன்,<PAD> <PAD> ி ி <SOS> ஞ ண <SOS> <PAD>
arai,அரை,
irumal,இருமல்,ண <PAD> <PAD> <SOS> ண ண ஞ ஞ
mision,மிஷன்,<UNK> <PAD> <SOS>
siridhu,சிறிது,<PAD> ண ி ழ
udagaththai,ஊடகத்தை,ழ ட ட <SOS> ஈ ஈ ழ ண ஞ எ ழ எ ழ
aaruroodu,ஆறுரோடு,ழ <UNK> ழ ட <SOS> <SOS>
kadarkaraiyilirundhu,கடற்கரையிலிருந்து,எ எ எ ி இ <SOS> ஃ <SOS> வ <SOS> ஓ ண ீ ீ உ ீ ா வ
kolin,கோளின்,
thokaiyee,தொகையே,ி
maalaiyum,மாலையும்,ி ஈ ண ண ண ட ஞ ட <UNK> ண ஈ
thanikthanik,தனித்தனிக்,ி <SOS> <SOS> ி ி <PAD> ஓ ஓ ஓ இ இ எ ஃ ஃ
rekla,ரேக்ளா,ழ <SOS> <UNK> <UNK> <UNK> ண ழ ஞ
pilaikalai,பிழைகளை,ஞ ழ ழ <PAD> ட ஃ ஃ ஃ
cuubaa,கியூபா,<PAD> ண <SOS> ஞ ஞ <SOS> <PAD> ஞ
manaiviyidam,மனைவியிடம்,<PAD> ஈ <UNK> ண ண <UNK> ழ ண ட ட ட இ எ <SOS>
visaka,விசாகா,ண ழ
azhagi,அழகி,ழ <SOS> ழ <SOS>
keats,கீட்ஸ்,ழ ழ
kevalmna,கேவலம்னா,ண <PAD> ஈ ண <SOS> ி <PAD> ி ட ஞ
purigindranar,புரிகின்றனர்,ஃ <PAD> ட
vaakkittu,வாக்கிட்டு,<PAD> <UNK> <PAD>
cofee,காஃபி,ழ ழ ழ ழ ழ <SOS> <SOS>
uyarmanithargal,உயர்மனிதர்கள்,ண எ ா வ வ வ ண ா ா இ எ ட <SOS> <SOS> ா ா ஓ
seidharth,சித்தார்த்,ஃ ஃ <SOS> ழ ழ ஃ <PAD> <PAD> <PAD> <UNK> <PAD> ஓ
surrivara,சுற்றிவர,ண <SOS> ட ி
kuuttaaka,கூட்டாக,<PAD> ண ண <PAD>
paarththukondu,பார்த்துக்கொண்டு,ி
adhanadippadaiyil,அதனடிப்படையில்,ழ ஞ ங ஜ ஜ <PAD> ஈ ண ா இ ே ா ங ஃ ங இ ா ஈ ே
redar,ரேடார்,<SOS>
dhayalan,தயாளன்,<PAD> ழ <PAD> ட ழ ண
valinadaththinaar,வழிநடத்தினார்,இ எ ஜ ி <SOS> ஜ
sarangpur,சாரங்பூர்,ஈ ட <UNK> <SOS> <PAD> <SOS> <SOS> ி ஃ ஞ
independence,இண்டிபெண்டென்ஸ்,ழ <SOS> இ <SOS> ண வ ட எ ஃ எ ா ி ஈ ண ழ ழ <SOS>
antriravu,அன்றிரவு,<PAD> <SOS> <SOS> <SOS> <SOS> <SOS> ஞ <UNK> ண ஈ
pilaant,பிளாண்ட்,ண
kuutapata,கூட்டப்பட்ட,<SOS> <UNK> <UNK> ி ஓ <UNK> ஓ ண ட ழ ழ ண <UNK>
soozhappattullathu,சூழப்பட்டுள்ளது,எ ழ <SOS>
yooth,யூத்,<PAD> ழ <UNK> ி ி <SOS> <UNK>
karachii,கராச்சி,ழ ண ட ண <SOS> <SOS> <UNK> ட
jaunpur,ஜவுன்புர்,ஞ <UNK> ஈ ழ <PAD> <UNK> ஈ ட <PAD>
veliyaagavillai,வெளியாகவில்லை,
crest,க்ரெஸ்ட்,<PAD> ஞ <SOS> ட <PAD>
tholaipaesi,தொலைபேசி,<PAD> ஈ எ <PAD> ண ஃ ஞ ழ ண ஓ <UNK> எ ஓ
gtpl,ஜிடிபியல்,ட ட <SOS> ழ <SOS> ி <SOS> ஞ ஈ ஃ <PAD>
thukkamadaiyum,துக்கமடையும்,<UNK> ஈ ி ி <UNK> <UNK> ண ழ ஃ <PAD> <SOS> <PAD> <PAD> ஃ ஃ ஃ
villiyam,வில்லியம்,<PAD> <PAD> ட ட <UNK> ண ண ழ ஞ ழ ி
vulagak,உலகக்,
azhukku,அழுக்கு,<PAD> ழ <PAD> <SOS> <UNK> <SOS>
firozpur,ஃபிரோஸ்புர்,ட ட ஞ ஞ <SOS> <SOS> ஃ ஞ ஞ
baliga,பாலிகா,ழ
pallavargal,பல்லவர்கள்,ஈ ட <UNK>
pathulaiyil,பதுளையில்,ி <PAD> எ ஓ <UNK> <SOS> <SOS> <SOS> ட ஃ ஃ ஃ ஓ
thaniththanmaiyaana,தனித்தன்மையான,ஓ <UNK> ஈ
valanguvathudan,வழங்குவதுடன்,ண ஃ ஞ எ ஓ <SOS> ஓ ழ
serverukku,சர்வருக்கு,
atharkerpa,அதற்கேற்ப,<PAD> ண ஈ ஃ ழ ஈ ழ <PAD> <PAD> <SOS> <UNK> <UNK>
thurubadhanaana,துருபதானான,<UNK> <UNK> ண ண இ இ ி ி <SOS> <SOS> <SOS> வ <SOS> <UNK> <UNK> <UNK> வ
maliq,மாலிக்,ி <PAD> ண ண ண ி ண ண
conner,கொன்னர்,<SOS> ழ ஞ ண ஈ <SOS> ழ <SOS> ி
koly,கோலி,<SOS> <PAD> <SOS> <SOS> <SOS> ி
chalukkiyarkal,சாளுக்கியர்கள்,ஃ வ <UNK>
mcmahon,மெக்மஹான்,ண ண
vazhipattukkollalaam,வழிபட்டுக்கொள்ளலாம்,ஈ ண ண ண ட ட ஞ ே ஜ ங ட ஓ ஃ <SOS> உ உ ஞ ே ே ட ட எ
hpaarm,ஃபார்ம்,ி ஞ ழ ி <SOS> <UNK> <UNK> ஈ <SOS>
kozhukkattai,கொழுக்கட்டை,
khammam,கம்மம்,ழ <PAD> ஈ ஞ
ahamadabad,அகமதாபாத்,ி ி ி <PAD> ழ ண <PAD> ண ழ ஃ <SOS>
katarkarai,கடற்கரை,ண <SOS> <PAD> <PAD> ழ
piratecam,மத்தியப்,
verumaiyaaga,வெறுமையாக,இ ண இ ஈ ஈ ஈ ட ட ஞ ட <SOS> ழ ட ி
molina,மொலினா,ி ி <PAD> ண ழ ழ ி ஞ
kadapa,கடப்பா,ி ண ி
malaikaattugalin,மலைக்காட்டுகளின்,ஞ ண
varuvaayth,வருவாய்த்,ழ ஈ ட <SOS> ஃ
nasavil,நாசாவில்,ஞ <SOS> <SOS> <UNK>
theendaamai,தீண்டாமை,ழ ஈ ண <PAD> ி <SOS> ட <PAD> <PAD>
jagaragallu,ஜகரகள்ளு,ஞ <UNK> எ <SOS> ி எ
reading,ரீடிஞ்,<PAD> ண <PAD> <UNK> ண
morena,மொரீனா,ண <PAD> ண
kidaikkindra,கிடைக்கின்ற,ஞ ண ண ட எ இ ஃ <SOS> எ எ ஓ எ இ ஓ
sonthamaa,சொந்தமா,<UNK> <UNK> ட ட ட ஞ ழ ி ட <UNK> <UNK>
titaniuumm,டைட்டானியம்,<PAD> <SOS> <SOS> <SOS> <SOS> ி ி <PAD> <SOS> ட ி ி ண
qamio,கேமியோ,<PAD> <PAD> ழ <PAD> ண <SOS> <SOS> <SOS>
loodhana,லூதியானா,ஈ <UNK> ஞ ட ஞ <SOS> ஞ
seidhavarukku,செய்தவருக்கு,<PAD> ஈ ட ி ழ எ இ ஜ எ ி <UNK> ி ஈ
poruththappattirukkum,பொருத்தப்பட்டிருக்கும்,ூ ி ௌ இ ஃ ா இ ா ே ஒ <PAD> <PAD> ா
karrachi,கராச்சி,<UNK> <UNK> ஞ <PAD> <PAD> <PAD> ண <UNK> ட ட
kambankal,கம்பங்கள்,<PAD> ஈ ண <UNK> ண <SOS> ஈ ழ ஃ ஞ ட
yaaaraenum,யாரேனும்,ஓ ண ஈ ட ஞ ஈ ஞ ண ஞ
americaavai,அமெரிக்காவை,ி ண
ungalukkaana,உங்களுக்கான,ஈ <SOS> ி <SOS> ி <PAD> ஃ <UNK>
kooriyathaavathu,கூறியதாவதுஃ,ட <PAD> ஞ ி ஞ <SOS> ஓ <PAD> <PAD>
ekadarinaa,எகடரினா,ட <SOS> <SOS> ஈ <UNK> ண ட <UNK> ழ ஈ ஃ <UNK>
seibavargalukkum,செய்பவர்களுக்கும்,ி இ ி ி
serverkal,சர்வர்கள்,<UNK> ஞ
kattumaanam,கட்டுமானம்,ட ஈ ஈ ழ ஞ ஓ எ <SOS> <UNK> <UNK> ஓ
varadhan,வரதன்,<UNK> <UNK> <UNK> <SOS>
virichal,விரிசல்,<SOS> ண
uudaaka,ஊடக,<UNK> ண ஈ ஞ ஈ <SOS> <PAD> ழ ண
busyaaga,பிசியாக,ண ி
hydro,ஹைட்ரோ,
niraivetru,நிறைவேற்று,
villupuram,விழுப்புரம்,<SOS> ஓ ஓ எ ண <UNK> எ எ ஃ <SOS> ஈ ஓ <PAD>
waee,வேய்,<UNK> ழ <SOS> <SOS>
tobaggo,டொபாகோ,ஈ ண ஞ ஞ ஞ <PAD> <SOS> <UNK>
murpattaar,முற்பட்டார்,ஃ <PAD> <SOS> ட ண <SOS> ழ <UNK> <UNK> ழ ழ ி எ
noushathin,நெளஷதின்,ி <UNK> ண <SOS> ஈ ஓ <PAD> <PAD> ழ ஃ <UNK> ஃ
magana,மகனா,ி <SOS> ழ ண ஞ ஞ <PAD> ழ
ahmadabad,அகமதாபாத்,ஈ
noolakaththai,நூலகத்தை,ழ ண <SOS> ஓ <UNK> எ <PAD> ண ஓ ழ ஜ ஓ <UNK> ஜ <UNK>
kettaal,கேட்டாள்,<PAD> ழ <UNK> ழ <UNK> ி <SOS> ஞ <PAD> ட
magizhunthu,மகிழுந்து,ஃ ழ ழ எ ஓ ஓ ஈ ண ஈ ழ ண ஈ <SOS>
kavalaippadamal,கவலைப்படாமல்,<SOS> <UNK> இ ஓ ஃ ஃ ஃ <SOS> ஜ வ ா இ
thaankal,தாங்கல்,<PAD> ஞ ஞ <SOS> ஞ ி <UNK> ி ஞ ஈ
bakaa,பகா,
pinaikkappattavar,பிணைக்கப்பட்டவர்,ண ஜ வ ழ இ இ வ இ ஞ <SOS> ஈ <SOS> <PAD> <PAD>
piriththaar,பிரித்தார்,எ ஈ <UNK> ண ஈ <PAD> எ ஓ ஞ ட ி ி <UNK>
uruvaakkuvatharku,உருவாக்குவதற்கு,இ <SOS> ஜ ஈ எ ண வ ழ ஈ எ
yenavethaan,எனவேதான்,<SOS> ண ண <SOS>
colombil,கொழும்பில்,ண ஈ <PAD>
seethakkathi,சீதக்காதி,ஞ ஃ எ ழ ஞ ட ட ட இ <PAD> <PAD> ஈ ி ழ
aasram,ஆசிரமம்,ஞ ி <SOS> <PAD> <SOS> ஞ ஈ <SOS> <PAD>
lenexa,லெனெக்ஸா,ட ி ஞ <PAD> <PAD> <SOS> ட
euless,யுலெஸ்,<SOS> ழ
solvathu,சொல்வது,<PAD> <PAD> ட ஞ <UNK> <UNK> <SOS> <SOS> <SOS> <SOS>
koottavum,கூட்டவும்,<UNK> <SOS> ட <PAD> ி <PAD> ட ழ <SOS> <SOS> <SOS>
adikku,அடிக்கு,ண ஞ ி <SOS> <PAD> ி <UNK> <SOS>
puthuchchaeri,புதுச்சேரி,
paaluravu,பாலுறவு,ண <SOS> <UNK> <PAD> ஞ <SOS> <SOS> <UNK>
ambalavaanar,அம்பலவாணர்,<UNK> ஓ <UNK> ி ஈ ஞ இ ஓ <PAD> ஈ ண ழ <PAD> எ
maruththiruppargal,மறுத்திருப்பார்கள்,வ இ ே ே
koluppil,கொழுப்பில்,<SOS> <PAD> <SOS> ஞ <UNK> <UNK> <PAD> ஓ ஈ ஈ <SOS> <PAD>
kuva,குவா,<PAD> <SOS> <SOS> <PAD> <PAD> <SOS>
eedupattadhaaga,ஈடுபட்டதாக,ழ ண
rajput,ராஜ்புட்,<UNK> <SOS> ி
beatles,பீட்டில்ஸ்,ஃ ண ஃ ழ ழ <SOS> <SOS> ஞ <SOS> ஞ ஞ <UNK>
musulim,முசுலீம்,<PAD> <SOS> ி ி ண <SOS> <SOS> ட <PAD> ி
azhiththaar,அழித்தார்,ட ஃ ஃ ி ஃ ஞ <SOS> <SOS> ஞ ஞ ஈ ஞ ஃ
maaraaka,மாறாக,<SOS>
aavudaiyaal,ஆவுடையாள்,ஈ ஈ எ எ ழ ஞ ழ <UNK> ஞ எ <SOS> ஈ ஓ
paso,பசோ,ழ <UNK> <SOS> <SOS>
vidukiravanukku,விடுகிறவனுக்கு,ஜ ண ஃ ி ஞ <SOS> வ <SOS> ட ஞ ஓ <UNK> <SOS> <PAD> ட <PAD> ஜ
parattukkal,பாராட்டுக்கள்,ஞ ஞ ண
cholunkal,சொல்லுங்கள்,ஓ <UNK> <PAD> எ <PAD>
vangadhaesaththin,வங்கதேசத்தின்,ட ஃ இ ி
sarawagi,சரவாகி,ஈ
surendranagar,சுரேன்திரநகர்,ஜ <PAD> ட ண ழ எ ி ஃ ி <SOS> <SOS> ட ி ஓ ழ
saantham,சாந்தம்,ண <UNK> <UNK> ட ட ழ ண <SOS> ண ஞ
magaadevi,மகாதேவி,<SOS>
choottik,சூட்டிக்,ஈ ண ண ண ஈ
pandavargalukkum,பாண்டவர்களுக்கும்,இ
nucleus,ந்யூக்லியஸ்,
uzhaika,உழைக்க,<SOS> <SOS> <SOS> ண
sent,செயிண்ட்,ண ண <UNK>
roawer,ரோவர்,<SOS> <SOS> ி <UNK> ழ ழ ழ <SOS>
untaanathu,உண்டானது,ி ஞ <UNK> <SOS> ஓ ஓ ண ஃ <UNK>
aayvukalukku,ஆய்வுகளுக்கு,ஞ ஞ <PAD> ஞ <PAD> எ எ இ எ எ ஃ
duke,ட்யூக்,<SOS> <SOS> <SOS> ண ழ ஞ <PAD> <SOS>
gables,கபிள்ஸ்,ஞ ழ ழ ண <PAD> <UNK> <PAD> ஞ ஞ
vaguththadhu,வகுத்தது,ி <PAD>
pandavargalai,பாண்டவர்களை,ஞ ஞ ஞ ஞ ஞ
malarae,மலரே,ழ <SOS> <SOS> ஈ <UNK> ி ஈ ஈ ஈ
cherinthu,செறிந்து,<PAD> <PAD> ட
tamizhakatthukku,தமிழகத்துக்கு,<PAD> இ இ ஓ ண ங வ எ
paalum,பாலும்,
garg,கார்க்,<UNK> <UNK> <UNK> ண ி ி ி ஞ
castaneda,காஸ்டானீடா,ழ ஓ
sivaprakasa,சிவப்பிரகாச,ஈ
lakhimpur,லக்மிபுர்,<SOS> ஈ ட ட ண ட <SOS> ி ஞ ண
kaavalturaik,காவல்துறைக்,ஈ ட ட ட
kethumaalanin,கேதுமாலனின்,ழ <PAD> ி ி ழ <PAD> ண ஞ ஜ <SOS> <SOS> <SOS> <PAD> <PAD> ழ
americavil,அமெரிக்காவில்,ி ி <SOS> எ இ ி <PAD> <PAD> <UNK> <UNK> எ ட ண
illaiyenil,இல்லையெனில்,ஓ <PAD> ஓ <PAD> ழ ி <SOS> <SOS> ட
seerudaikal,சீருடைகள்,ஞ <PAD> ஓ ஓ <PAD> ட ண <UNK> எ ஃ <PAD> ஈ ஓ
koodadhu,இருக்கக்,ி ழ <SOS> ழ ஈ
rishii,ரிஷி,<UNK> <UNK> <UNK> <UNK> <PAD>
kaattuvathaaga,காட்டுவதாக,<PAD> ண ட ஓ எ ழ எ ி ண ஈ ஜ ஜ இ ட <UNK> ஜ
dhoni,டோனி,ி <SOS> <SOS> <SOS> ழ
solvadhenral,சொல்வதென்றால்,ட ஈ ி <SOS> இ ட <UNK> ஜ ஓ <PAD> <SOS> <PAD>
noushadhin,நெளஷதின்,ி ி ி ி ட ண ட ி ஞ ஃ ழ ஈ
uchchakatta,உச்சகட்ட,<UNK> ஃ ி <SOS> <UNK> ட ட ண ட <SOS> ஈ ஃ ட
soozhappatirukkira,சூழப்பட்டிருக்கிற,ீ இ எ ஞ ஓ ீ ஞ ண
textiles,டெக்ஸ்டைல்ஸ்,<SOS>
ashok,அசோகா,
kuzhandhaay,குழந்தாய்,ழ ஞ எ <SOS> <SOS> <PAD> <PAD> ண ழ <UNK>
uppsala,உப்சாலா,<UNK> <SOS> ழ <UNK> ஞ ஞ ண ஈ ஈ
veeraankanaigal,வீராங்கனைகள்,ி ி ஓ எ வ ட
vlaadimir,விளாடிமிர்,ி ண ி ஃ ி <SOS> <PAD> <PAD> <PAD>
tholumpoathu,தொழும்போது,இ ி ஞ <PAD> ட ண ண ண ண <SOS> எ இ ழ ஓ
maththiyatharaik,மத்தியதரைக்,<PAD> வ வ ஓ <PAD> ங ஜ எ எ <SOS> இ எ இ ங ங ங ஈ ஃ
rahaaney,ரஹானே,<SOS> <SOS>
nava,நவ,<SOS> <SOS> <UNK> <PAD> <SOS> <SOS>
rend,ரேண்ட்,
qool,கூல்,<PAD> ி ி <SOS> <SOS>
keeran,கிரண்,ண <UNK> <SOS> <SOS> <SOS> <SOS> <PAD> <PAD>
cipla,சிப்லா,ழ
virumbugiraargal,விரும்புகிறார்கள்,ஜ ஜ ஜ ஜ ஓ ட
nashik,நாஷிக்,<PAD>
kudumippidiyum,குடுமிப்பிடியும்,ஈ ஜ ஈ ஓ வ ஃ <PAD> ழ ழ <PAD> <PAD> ஈ ி எ ழ ா ழ ா
arivippugalai,அறிவிப்புகளை,ண <PAD> ட இ
ringk,ரிங்க்,ி <UNK> <PAD>
seidhidavum,செய்திடவும்,<PAD> ட ழ <PAD> <PAD>
francisco,ஃப்ரான்ஸிஸ்கோ,இ <UNK> இ ஞ <SOS>
thambathigal,தம்பதிகள்,இ ஞ ஞ ஈ எ ண ி ஈ <UNK> ழ ஓ ஞ
peaththi,பேத்தி,
irundhaale,இருந்தாலே,
rehman,ரெஹ்மான்,ஈ ி ி
zed,ஜெட்,
serththanar,சேர்த்தனர்,ட <UNK> ஃ ஈ ி ட ஓ ி ண ஃ ஓ <UNK> <PAD>
vanggikku,வங்கிக்கு,ி ட ஞ ி ஞ
iyakku,இயக்கு,ி ி ண ி
reilly,ரைல்லி,<UNK> ண <SOS> <SOS> ஞ ஞ ஞ
thalaimaiyetraar,தலைமையேற்றார்,ழ இ ஃ ஜ ஞ ஞ வ ஜ ஜ ங ஜ ஓ ஜ <PAD> ழ ஞ <SOS> ஜ
financial,பைனான்சியல்,ஃ எ
quantam,குவாண்டம்,ஃ ட <SOS> ஞ ட ஈ ஃ
samarppikka,சமர்ப்பிக்க,<PAD> ஓ
magha,மகா,<SOS> ண ழ
goud,குட்,
myyamaakavum,மையமாகவும்,இ <SOS> ஓ <UNK> <PAD> ஈ <SOS> ட ஓ ழ
mattaththirkkum,மட்டத்திற்கும்,ி ஜ ஈ <UNK> <PAD> ஓ ஈ ா ழ ஜ <PAD> <PAD>
kataisi,கடைசி,<PAD>
karuththuk,கருத்துக்,
motihari,மோடிஹாரி,ண ி <SOS> <PAD> ண ண ட
sendrullathu,சென்றுள்ளது,
aatchiyamaikka,ஆட்சியமைக்க,ட ட எ <SOS> எ <PAD> ஈ ஈ எ ஃ ஃ ஃ ஈ இ வ வ
solvathentraal,சொல்வதென்றால்,ஈ ஓ ட <SOS> <SOS> ஓ <SOS> <UNK> இ எ ஈ எ ஞ ஞ ஞ ட
kuzhanthaai,குழந்தாய்,
veesith,வீசித்,ழ <PAD> <PAD> ண ஞ ஞ ண <PAD> ழ
nilaithaan,நிலைதான்,ி ஞ ஈ <PAD> ண <SOS>
gardner,கார்ட்னர்,ஈ <SOS> ஞ ழ ி <PAD>
kalviye,கல்வியே,ி ழ ண ழ ஈ
paathaiyai,பாதையை,ஈ ண <SOS> ழ ழ ி ி ி ஞ ஞ ண ண
karpathil,கற்பதில்,
eedupattanar,ஈடுபட்டனா்,<PAD> ஞ ண
barron,பர்ரன்,ழ ண ழ <UNK> <UNK>
kodaikanal,கொடைக்கானல்,ட ஓ
khare,காரே,
paanankal,பானங்கள்,ட ண ஈ ழ ழ ஈ ஈ ட <SOS>
gallon,கேலன்,<SOS> ஞ
larsen,லார்சன்,<PAD> ி <SOS> ண ழ ண ண <SOS> ி
thayanidhiyaagiya,தயாநிதியாகிய,ே ா வ வ ட ஈ <PAD> <PAD> ழ இ வ ஈ ஃ ஓ இ ங ங ங ழ
seyalpatum,செயல்படும்,<PAD> ழ ஈ <PAD> ண <SOS> <SOS> ஞ ட ட ி ஃ
setti,சதி,ழ ண <SOS> ண ழ ி <UNK>
chuttinar,சூட்டினர்,ி ட <SOS> <SOS> <SOS> <SOS> ண <UNK> ட ழ ழ
movers,மூவர்ஸ்,
iththeevu,இத்தீவு,<SOS> ட <PAD> ழ <SOS> ஈ ஃ ஃ ழ ஈ ஈ
pakuthiyaith,பகுதியைத்,<PAD> ஓ <UNK> இ இ ஈ ழ ி எ
intrith,இன்றித்,ஞ <UNK> ஈ ஞ ஈ ழ ண <SOS> ண
pradhaesa,மத்தியப்,ஈ ஃ ஈ ட <SOS> <SOS> ட ஞ ஃ ழ ண
vaelaich,வேலைச்,ி
paliyiduthal,பலியிடுதல்,ண
chaudhary,சௌதரி,ி ி <UNK> ஈ ஃ ழ ண ழ ழ <PAD> ட
ibraahim,இப்ராகிம்,ட ண <PAD> ி ி ழ ண ண ழ ஈ <PAD>
maarpai,மார்பை,<PAD>
nigazhndhirukkume,நிகழ்ந்திருக்குமே,ஞ <SOS> எ ி ஜ எ ஜ வ ே ண <SOS> ண ா வ ஞ ண <PAD> ி ஞ
jhindal,ஜிந்தால்,
vaithirukkiradhu,வைத்திருக்கிறது,ஞ ங
pidippathu,பிடிப்பது,ஞ ட ட ஃ <SOS> <SOS> ி <SOS> <PAD> <SOS> <PAD> <PAD>
gaurilla,கொரில்லா,ஈ ஈ <PAD> ழ ழ ழ ஞ <PAD> ஈ <SOS>
cauimbatoore,கோவை,ி ி ட எ ஞ
thaniththaniyaana,தனித்தனியான,ட ட ட <UNK> வ <PAD> <PAD> எ ஜ ங ா ங எ இ ி ஞ இ ங ங
manai,மனை,<PAD> <SOS> ண ழ
kaarg,கார்க்,ண
karuththukkalin,கருத்துக்களின்,
therigiradhu,தெரிகிறது,இ இ ழ <UNK> <PAD> இ எ ி ஈ ஃ ி <UNK> ி ழ
earpadaatha,ஏற்படாத,ட ஃ <SOS> எ ஈ <SOS> ழ ட <UNK> ழ ஃ <PAD> ட
muhammad,முஹம்மத்,ஈ ஈ <PAD> <PAD> <PAD> ழ <PAD>
provo,ப்ரோவோ,<SOS> <PAD> ி <PAD> <SOS> <SOS> <SOS> <UNK>
inthnikalvai,இந்நிகழ்வை,ஓ <UNK> இ இ ஓ எ <UNK> ட ஈ எ ஈ ஈ ஓ <PAD>
kaappeedu,காப்பீடு,ஈ ண ி ண ஃ
karkhele,கர்கேலே,<PAD> ண <SOS> ி
vitna,விட்ன,<SOS> <SOS> ி
kokarnesvarar,கோகர்னேஸ்வரர்,<UNK> இ ி எ ஈ ஓ ஜ <PAD> ஜ <SOS> <PAD> ஓ ஃ ழ <SOS>
panri,பன்றி,ி <SOS> ழ ழ ழ
niruvappattuch,நிறுவப்பட்டுச்,எ <PAD> ட ஃ ஓ இ <PAD> <UNK> ி ி இ ஈ <PAD> ஃ ி ஃ
saintt,செயிண்ட்,
tuurbo,டர்போ,ண
kuzhuvinargalukkidaiye,குழுவினர்களுக்கிடையே,<SOS> இ ட <PAD> ஃ ஈ ஃ இ ஞ <SOS> ஃ ஃ
tholuthaar,தொழுதார்,ஈ <SOS> <SOS> ஈ ஈ ஈ ட ஞ ட ஞ ட ண
taataa,டாடா,ி ண ஞ <PAD> ழ <SOS> <SOS> ஞ
kelviin,கெல்வின்,ண <SOS> <SOS> ி ட <SOS> ஞ ழ <SOS> <PAD>
premaa,பிரேமா,
thamizhakaththaych,தமிழகத்தைச்,ா ட ீ <UNK> ண ா இ
maanikkam,மாணிக்கம்,
sooraavalikal,சூறாவளிகள்,ழ ஞ ழ ஈ இ இ <PAD> ஃ எ
anant,அனன்த்,ண ண ண ி ஞ <PAD> <SOS> <SOS>
kizhaar,கிழார்,<UNK> <UNK> ண <UNK> <PAD> ஞ
wadhawan,வாதவான்,ஈ ட <SOS>
kuuttappatta,கூட்டப்பட்ட,ி <UNK> ஞ ஞ ஓ ஃ <SOS> ழ எ ழ இ <SOS> <PAD> <SOS>
seiyappattullaar,செய்யப்பட்டுள்ளார்,ஜ <PAD> ே ே ஜ ஜ ண ண ே <PAD> ழ ழ ட ஃ வ ட <SOS> ஜ ங வ
aarppaattam,ஆர்ப்பாட்டம்,எ ஓ
kulatthirku,குளத்திற்கு,ஞ <PAD> ட
kadithaththil,கடிதத்தில்,ஈ ஈ
kaidhiyaaga,கைதியாக,ஞ <PAD> ஞ ழ ண ட ண ஓ ி ி <SOS> <SOS> எ
vaadiya,வாடிய,
letin,லத்தீன்,<SOS> <PAD> <SOS> <SOS>
loakiyaa,லோகியா,<PAD> <UNK> ட <PAD> <PAD> <PAD> <SOS> ி <UNK> <UNK>
yoosiththu,யோசித்து,
solarkal,சோழர்கள்,<PAD> ழ <SOS> ஞ ி <UNK> ஞ ஞ <UNK> <SOS>
tara,தாரா,ழ <SOS> <PAD> <PAD>
sivandhu,சிவந்து,ண ி ஈ ட <SOS> <UNK> <SOS> <PAD> <PAD> <PAD>
azhiththathu,அழித்தது,<SOS> ட <SOS> <SOS> <SOS> ழ இ
kaidhu,கைது,
sheppard,ஷெப்பர்ட்,ட ட ட ண ஞ ி ண ஈ
kulangkalum,குளங்களும்,ஈ <SOS> <UNK> எ <UNK> ட ி ண ி ண ழ ஈ ண
thiruvadanai,திருவாடானை,
vetrtridam,வெற்றிடம்,<PAD> ஞ ண ழ <SOS> ண ழ ஃ ஃ
peyaraal,பெயரால்,ஞ ட ஞ <SOS> <SOS> <UNK> ழ <UNK> ண ஞ
mahabaleshwar,மஹாபலேஷ்வர்,ஃ ஈ ஓ ஓ ி ி ி இ ண ட ட ழ <PAD> இ ி
piriththiyaaniyaavil,பிரித்தியானியாவில்,<UNK> <UNK> ஜ ே ௌ ண ி ீ ட ஃ உ ண ே ஞ ஈ ஃ ஃ ஜ ஃ ஃ ஜ ங
talankalil,பிற,ழ ஓ <SOS> <SOS> <UNK> <SOS> <SOS> ி <PAD> <PAD> ி
pirasanthaip,பிரசாந்தைப்,<PAD>
vachchinde,வச்சின்டே,ண ழ ஈ ஓ ழ ஓ ஈ <PAD> <SOS> <SOS> <UNK> ஓ
anju,அஞ்சு,<UNK> <UNK> <SOS> <SOS> <SOS> <SOS> <SOS>
paniyida,பணியிட,ி ழ ி <PAD> ி
aarppaattangkal,ஆர்ப்பாட்டங்கள்,<PAD> ா ழ ஞ ஜ ஜ <PAD> <PAD> <PAD> <PAD> ஃ ஈ ஈ ா ா ி <SOS>
mcmillan,மேக்மில்லன்,எ <UNK> ண ழ ழ ஃ
eesal,ஈசல்,ழ <UNK> <UNK> <UNK> <UNK> ண
ithazhaaka,இதழாக,ஈ
moondrilirundhu,மூன்றிலிருந்து,ட ண ஞ ஞ ஞ ஃ ண ண ண ி வ ஈ <UNK> எ ழ ஃ ஜ
seedharth,சித்தார்த்,ட ஓ ஞ ஞ ஃ <PAD> <PAD>
thalaivanum,தலைவனும்,
urii,யூரி,<UNK> <SOS>
waeter,வாட்டர்,
vazhithoantralgal,வழித்தோன்றல்கள்,ஓ இ
varalaaratra,வரலாறற்ற,ட <PAD> ஞ ஞ
thaankak,தாங்கக்,ழ ழ ஞ <UNK> <SOS> <PAD> <SOS> <SOS> ஞ <UNK>
gopy,கோபி,<PAD> <UNK>
itharkamaiya,இதற்கமைய,<PAD> ஓ <UNK>
araikuuval,அறைகூவல்,ஞ ஞ ஈ ஈ ஞ ஈ ஃ ஃ ஃ ஓ ஓ ழ
oppanthak,ஒப்பந்தக்,<SOS> <PAD> ஞ ண <SOS> ஈ ழ ழ
baabaavin,பாபாவின்,ஈ
ewer,எவர்,
tharavugalai,தரவுகளை,எ <UNK> எ
neeroadu,நீரோடு,ண <PAD> <SOS> ழ <UNK> ஈ <SOS> <SOS> ழ ி
sindhanaiyai,சிந்தனையை,<UNK> இ ஈ ஈ ஈ எ எ <UNK> ண
chary,சாரி,<SOS> <SOS> <SOS> <SOS> <SOS> ண
ooraga,ஊரக,<PAD> <SOS> <SOS> <SOS> <UNK> ண ஞ ஞ
everett,எவெரெட்,ஞ ண <PAD> <PAD> ண ஈ <SOS>
samanaana,சமனான,<PAD> <UNK> <UNK> ழ ி ஃ ண ண <PAD>
appadiyum,அப்படியும்,<UNK> <UNK> <UNK> <UNK> ழ ஞ ஃ <SOS>
khaliq,காலிக்,<SOS> <SOS>
koophee,கோபி,ஈ <SOS>
muyantrapoathu,முயன்றபோது,ி வ ட <PAD> <PAD> <PAD> ஜ ழ ஜ ஈ ஜ <SOS> ி <SOS> ஜ <UNK>
vetrtritaththai,வெற்றிடத்தை,ஞ இ <SOS> ா ஞ ஜ ஜ ி ழ ஃ ண வ <PAD> இ இ ஓ <PAD>
nagaraththilirunthuthan,நகரத்திலிருந்துதான்,<UNK> ி ீ ி ண <UNK> ீ ங ௌ ௌ இ ௌ ா எ ட ஒ எ ஈ <PAD> ோ ஈ ண ஜ
arivippukalai,அறிவிப்புகளை,எ ஃ
poaga,போக,
goldain,கோல்டன்,<SOS>
makammathu,முகம்மது,<UNK> <SOS> ழ <PAD> ஃ ி
payanikalukku,பயணிகளுக்கு,ஃ ஈ இ எ
appagudhi,அப்பகுதி,ஞ ண ண <SOS> ழ <SOS> <PAD> ட <PAD> ட
thuvakkappattu,துவக்கப்பட்டு,எ ஞ
kanniyar,கன்னியர்,ி ழ <SOS> <UNK> <UNK> ஞ ழ ஞ <PAD>
evanston,இவான்ஸ்டோன்,ஃ <PAD> ஓ
vaaganangkalukku,வாகனங்களுக்கு,ி இ ஃ ி ட வ
kaurava,கௌரவ,
aurobindo,அரோபிந்தோ,்
pirandhana,பிறந்தன,ெ <SOS> ஷ ெ
paantvitth,பாண்ட்விட்த்,வ ் வ ௌ <UNK> ற ற வ <PAD> <PAD> ௌ <SOS> ௌ <SOS>
payanpaduththavillai,பயன்படுத்தவில்லை,எ <SOS> ஈ ் ௌ அ ற ற ௌ ௌ ந ச ஸ ஸ வ <PAD> க ர ஈ ர ஷ ு
chithiraip,சித்திரைப்,க ஷ ் ் <SOS> க <UNK> வ எ <UNK>
veetak,வேதக்,<PAD> <SOS> <SOS> <PAD> <SOS> <SOS> <SOS> ஷ
veettirkuch,வீட்டிற்குச்,எ <UNK> ஷ <UNK>
seenivasa,சீனிவாச,ஷ ஷ <UNK> <PAD> எ எ ற எ எ ் <PAD>
siridhalavu,சிறிதளவு,<SOS> <SOS> ப <SOS> வ வ
parappazhavai,பரப்பளவை,ற ௌ ஷ ஷ த அ ப ெ ப எ ஷ வ ஷ வ <SOS>
kaththirukkakudaathu,காத்திருக்ககூடாது,ச ர ற
magilchchiyaana,மகிழ்ச்சியான,ெ <SOS> <UNK>
poarththukkeyar,போர்த்துக்கேயர்,எ ற
sambrathaaya,சம்பிரதாய,
grover,க்ரோவர்,ெ ெ <SOS>
caaminaathan,சாமிநாதன்,<UNK> ் ் ௌ வ <PAD> க எ ப எ ஷ ஷ
kidanta,கிடந்த,<PAD> ெ
neethu,நீது,<PAD> <UNK> எ ற ெ <SOS> <PAD> எ
nirainthirunthanar,நிறைந்திருந்தனர்,ற க அ
vimaanangalum,விமானங்களும்,ௌ <PAD> ெ <SOS> அ ௌ க ௌ ௌ ஷ ௌ <UNK> த ௌ எ
beaverton,பெவெர்டன்,ஷ <SOS> <SOS>
shipping,ஷிப்பிங்,ஷ ஷ ஷ ெ ெ ெ ற க க <PAD>
mudivilaa,முடிவிலா,ற ௌ எ எ <PAD> <PAD> ெ ெ ௌ ெ ஷ
eeyaththagadu,ஈயத்தகடு,எ ௌ ் ் ற ௌ எ
miramar,மிரமர்,ெ ெ
thirumaalin,திருமாலின்,<SOS> ் எ எ எ ் <PAD> ௌ ெ ெ ப <SOS> ற
nulainthathu,நுழைந்தது,<UNK> வ ற த த ெ வ <SOS> வ ப எ ப ற ெ
tuurbauu,டர்போ,<PAD> <PAD>
piranthullathu,பிறந்துள்ளது,
nunmai,நுண்மை,
aalosanai,ஆலோசானை,ெ <SOS> <PAD> <SOS> <SOS> <SOS>
tamizhaiyum,தமிழையும்,ெ ப ் <UNK>
sarwar,சர்வர்,ெ <UNK> <UNK>
piranthapoothu,பிறந்தபோது,ஷ ் ் <UNK> <PAD> ற ல வ த
malargalil,மலர்களில்,
avarkalinaal,அவர்களினால்,க <UNK> எ <SOS> எ த ப <PAD> த ெ ெ ௌ ௌ க
becqy,பெக்கி,
vazhangkunar,வழங்குநர்,ற ௌ ் <PAD> த ் ் <SOS> <SOS> வ ் ்
vaanggappadum,வாங்கப்படும்,ற ் ற <SOS> ற ப <SOS> <PAD> ஷ
shores,ஷோர்ஸ்,<PAD> ெ எ <SOS>
siraaj,சிராஜ்,ற ற ெ ற
neeroattaththin,நீரோட்டத்தின்,் ஷ ற ப க ௌ ஷ ல
edhirkkatchi,எதிர்க்கட்சி,எ ் ் எ ௌ
majeed,மஜீத்,<SOS> ெ ற <SOS> <UNK> <SOS> ற ற
peyaroa,பெயரோ,ற ் ற ்
panithan,பணித்தான்,<PAD> ் க <UNK> ஷ ் ௌ ௌ <PAD> <SOS> ்
atul,அதுல்,<PAD>
vimaanangalin,விமானங்களின்,ற க எ வ ப ப அ ெ <PAD> க <SOS> ஷ எ <SOS> த
chozhargalukku,சோழர்களுக்கு,ெ ஷ
udaipur,உதய்புர்,<UNK> எ எ <PAD> <SOS>
eenoo,ஏனோ,<UNK> <UNK> <SOS>
media,மீடியா,எ ற <PAD> ெ ஷ ஷ <UNK> ற
vangiyaalargaludanaana,வங்கியாளர்களுடனான,<PAD> ந ெ ந <UNK> எ ஆ ற ெ ெ ெ ெ <PAD> <SOS> க <SOS> ப ப வ ற ் ஈ அ ஸ
thiruththuvatharku,திருத்துவதற்கு,ப ஷ வ ஈ க ஸ த ல எ <SOS> ் அ ந ந <UNK> ் ் <SOS> ற ற
titaniumm,டைட்டானியம்,<SOS> <UNK> க ஷ
idharkellaam,இதற்கெல்லாம்,<SOS> <SOS> எ ௌ ் த <UNK> <SOS> எ ெ க <SOS> ப
pakiirathan,பகீரதன்,<SOS> எ எ எ <UNK> ப ் ௌ <PAD> <PAD> ப <UNK> <UNK>
kuutukalil,கூடுகளில்,க
vaathanggalai,வாதங்களை,<UNK> <PAD> ் ற ஷ த த க <UNK> ற க ஷ ெ வ அ
kollaadhavar,கொள்ளாதவர்,ஷ ஷ ஷ த
idaith,இடைத்,ற ெ <PAD> ெ <UNK> ெ ெ ஷ
thiyaakaraajar,தியாகராஜர்,<PAD> <UNK> <UNK> ஷ ஷ எ ஷ க ் ெ <PAD> வ வ எ <SOS> <PAD>
accelya,அசில்யா,் <SOS>
vealaiyaaka,வேலையாக,<PAD>
velaiththittam,வேலைத்திட்டம்,ற ற எ வ எ த
paek,பேக்,ெ <PAD> <UNK> ற ற ற
andar,அண்டர்,<PAD> ெ ெ <SOS> <SOS> <SOS> ற <SOS>
wai,வேய்,<UNK> <UNK> ெ ெ <PAD> <PAD>
bhusawal,புஸாவால்,ஷ <SOS>
nilaippaattil,நிலைப்பாட்டில்,க ற ெ ் <SOS> <PAD> ப க வ <SOS> <SOS> எ ெ <PAD> <PAD> <SOS>
goopee,கோபி,<UNK> <SOS> <PAD> ஷ <PAD> ஷ ெ எ
arkis,அர்கிஸ்,<SOS> ெ <SOS> <SOS> ற ற <UNK> ஷ <SOS>
maembaalam,மேம்பாலம்,ற ற <SOS>
vechchitteengaley,வெச்சிட்டீங்களே,
vaathittu,வாதிட்டு,<PAD> ஷ ஷ ் <PAD> <PAD> ற <PAD> எ <SOS> ற
cakkarattai,சக்கரத்தை,<SOS> <PAD> ற ஷ ௌ வ எ
sonwani,சோன்வானி,<SOS> <PAD> ் <PAD> <PAD> ெ
panitthaan,பணித்தான்,் எ எ க ற <UNK> ஷ வ க வ ் ௌ
cranston,கிரான்ஸ்டான்,க க ற ௌ ெ <SOS> ப எ வ ஷ ௌ எ எ
jinivaa,ஜினிவா,
kanavanin,கணவனின்,<PAD> ெ ெ ெ <PAD> எ <PAD> ௌ ௌ ௌ ெ
bakthakedigal,பக்தகேடிகள்,ஷ <PAD> வ ஷ ் <SOS> எ ற ற <SOS> ெ ெ அ <UNK> த
kulanggalin,குளங்களின்,ௌ ஷ
parppavar,வேலைப்,ற ெ
idharkellam,இதற்கெல்லாம்,வ <SOS> ப
adankiyuzhzha,அடங்கியுள்ள,அ ௌ ௌ ற த <PAD>
latchiyaththirgum,இலட்சத்திற்கும்,ந த த <UNK> ௌ ஷ ஷ ற ற அ ந ப ப ஸ <SOS> <SOS> ப ெ ௌ
piridhoru,பிறிதொரு,எ ஷ
thanggumidam,தங்குமிடம்,் <UNK> எ ெ க <PAD> க <PAD> வ வ த ௌ <SOS> ற
railway,ரெயில்வே,<UNK> ற <SOS> <SOS> <SOS> <SOS> <SOS> ்
aerpadavillai,ஏற்படவில்லை,த ௌ ப ் க ் ெ <SOS> <PAD> <PAD> <PAD>
vipaththin,விபத்தின்,் வ க
polavo,போலவோ,ெ ெ <PAD> <SOS>
maheshh,மகேஷ்,<SOS> ் ் ெ <PAD>
varunthaan,வருந்தான்,ஷ ஷ <UNK> <UNK> <SOS> ் எ <SOS> <SOS>
aanaiya,ஆணைய,ெ <PAD> ் <UNK> ஷ <PAD> <PAD> ஷ <PAD>
noolum,நூலும்,ற <PAD> <SOS>
erickson,எரிக்சன்,் எ
aarampiththullathu,ஆரம்பித்துள்ளது,க எ ஈ எ க ஷ ஷ ஷ ப த ப ப ் <PAD> ப ஷ ௌ ஷ அ ந
asija,அசிஜா,ற ற <SOS>
katch,கட்ச்,ற ற <PAD> ெ <SOS> <SOS> <PAD>
maiyamaaka,மையமாக,ற ெ ெ
kooppaiyil,கோப்பையில்,ஷ எ ற வ <SOS> <SOS> ௌ <UNK> ெ ெ <PAD> ்
kuuttankal,கூட்டங்கள்,எ எ ற எ <PAD> ௌ ௌ <SOS>
sernthuvittiruntha,சேர்ந்துவிட்டிருந்த,<UNK> <SOS> ் ல ௌ ல ந
teta,டாடா,ெ ெ <UNK> <SOS> <SOS> ெ
aanaimalai,ஆனைமலை,
yuneskoavin,யுனெஸ்கோவின்,் ற வ ஷ வ ஷ எ த <SOS> <SOS> <SOS> எ ெ வ
varaaga,வராக,எ <PAD> ற ஷ <SOS> எ <PAD> <UNK> <SOS>
vandhirundhanar,வந்திருந்தனர்,வ ல வ க க
rajgarh,ரஜ்கர்,எ எ ஷ <SOS> <SOS> ஷ ஷ <UNK> <PAD>
munnetukka,முன்னெடுக்க,் ௌ எ ற க க வ ப
kkul,க்குள்,<PAD> <PAD> <UNK> <PAD> <PAD> <PAD> <PAD> <SOS>
kallaala,கல்லால,எ <PAD>
lee,லீ,ெ <PAD> <SOS> <PAD> <PAD>
thittamittullaar,திட்டமிட்டுள்ளார்,ல ஸ த ல ஷ <UNK> ற வ <UNK> எ ௌ ப எ ெ ெ <UNK> <UNK> ் <UNK>
thaervil,தேர்வில்,
muguthuvali,முகுதுவலி,<PAD> ற ற <UNK>
mansfield,மேன்ஸ்ஃபீல்ட்,வ ் எ <PAD> த ் ப ப எ ற <PAD> ஷ <PAD> ஷ வ
kaiyaal,கையாள்,் <SOS> ் ஷ ற ் ற ் <SOS>
aana,ஆன்,<PAD> <UNK> <SOS> <UNK> <UNK> ற
kudayyil,குடையில்,ெ <PAD> எ ெ <SOS> <PAD> ற <UNK> ் <SOS>
sollra,சொல்ற,ற எ <UNK> <SOS> <PAD> <SOS> ெ <SOS>
itarsi,இடார்சி,ற <PAD> <SOS> எ ஷ <PAD> <UNK> ெ ஷ
kirishthavarkalin,கிறித்தவர்களின்,ஷ <PAD> ௌ ந ெ எ <UNK> ப <SOS> <SOS> ெ வ ஷ ஷ ஷ ஷ ஷ <SOS> <SOS>
adumattumalla,அதுமட்டுமல்ல,க ற வ
shajapur,சஜாபூர்,<SOS> எ <UNK> ெ க
colii,கோலி,ெ <UNK> ற ற <PAD> <PAD>
saethamadainththana,சேதமடைந்தன,வ ற ற ந ப அ அ ந <UNK> <PAD> ஈ ல ல ந ஷ ௌ ெ க ல வ ந
matriyirunthathaagavum,மாற்றியிருந்ததாகவும்,ஸ எ அ <UNK> ் ் வ த எ ் ் வ ஈ ய ச ய ் ல ச த ் அ ஸ எ
shaavai,ஷாவை,ற <UNK> <PAD> <SOS> <UNK> <PAD> <SOS> எ எ
panimanai,பணிமனை,ௌ ௌ க ் ௌ <PAD> ற ௌ <PAD> ௌ ெ
saliththollaikaana,சளித்தொல்லைக்கான,ௌ ௌ வ ் வ வ <SOS> ௌ ஈ ல ல ல <SOS> ௌ க ல எ வ ு ு
chitranshi,சித்ரான்ஷி,எ ௌ
narampukal,நரம்புகள்,ெ ற ஷ ெ எ <UNK> <UNK> வ <SOS> <SOS> ஷ ஷ
andri,அன்றி,ற ெ ற <SOS> எ ெ
kaithal,கைதல்,<SOS> <SOS> எ எ ்
ananrtham,அனர்த்தம்,<UNK> <SOS> <SOS> ௌ ற ் ் எ ற எ எ
cork,கார்க்,<SOS> <UNK> <SOS>
beepi,பீபி,<SOS> <UNK> <PAD> <SOS> <UNK>
sasanka,சசாங்கா,<UNK> <SOS> <PAD> எ ் ் ெ ் ெ
under,அண்டர்,ஷ <PAD> <PAD> <PAD> ற <UNK> ற <SOS>
yoagaththin,யோகத்தின்,ப ற <UNK> ் ெ ப <PAD> ப க ெ <UNK> <SOS> ்
renton,ரெண்டன்,<SOS> <UNK> எ ற ற ஷ ஷ ஷ எ
magaaveer,மகாவீர்,எ எ ௌ க க ௌ ெ <SOS> ெ <PAD> ஷ
saashai,சாஸை,<SOS> எ எ ற ற ் <SOS> ற ஷ
basirhat,பசிர்ஹட்,<SOS> <SOS> <PAD>
panigalukkum,பணிகளுக்கும்,<PAD> ் <PAD> <PAD> ் ஷ ஷ <UNK> ப ப ெ ௌ ஷ ப
kulamum,குளமும்,ெ <SOS> ஷ எ <SOS> எ ெ
kayitrril,கயிற்றில்,க எ
vilaiyaadudhal,விளையாடுதல்,<PAD> எ வ
fitzgerald,பிட்ஸ்ஜெரால்ட்,் <SOS> <SOS>
modern,மாடன்,ற <UNK> ற எ <PAD> <SOS> எ <SOS>
kota,கோடா,ற <SOS> <SOS> <SOS>
kartu,சிம்,ற <PAD> <UNK> <UNK> எ எ ெ
kalluriyaga,கல்லூரியாக,ெ ெ ் ெ ் ் ் ப ௌ <PAD>
iththittathirkku,இத்திட்டத்திற்கு,ஸ ப ௌ க
thanithaniyaga,தனித்தனியாக,ற ௌ ல வ <SOS> வ <UNK> ல ல ல அ ௌ ௌ ௌ <UNK> அ
kark,கார்க்,எ எ <PAD> <SOS> ஷ
vaelaiyin,வேலையின்,
maattruvathai,மாற்றுவதை,
uruppugal,உறுப்புகள்,<PAD> <UNK> ற ஷ <PAD> <PAD> <UNK> ெ வ <PAD> ஷ வ
vaippaar,வைப்பார்,<PAD> ற ற ெ க எ <PAD> எ <PAD> ஷ
braamanarkalum,பிராமணர்களும்,ெ <SOS> <UNK> <UNK> ஷ ஷ எ ற
adiyiliyaal,அடியிலியால்,் ் <PAD> <PAD> ெ வ எ <UNK> ௌ ஷ ஷ <PAD> <PAD>
kezh,கேள்,<SOS>
thadaip,தடைப்,<UNK> ெ ெ
panguthaarargal,பங்குதாரர்கள்,க ல ெ <PAD> <PAD> த ஷ ெ <PAD> வ ௌ வ ௌ ல ல ல ெ
pudhuvaiyai,புதுவையை,ஷ ் ற க ஷ ஷ ப
thadaipattathu,தடைபட்டது,எ <UNK> <UNK> <UNK> <SOS> ௌ ௌ எ அ ற வ வ <SOS> க <SOS>
kaimari,கைமாறி,<UNK>
ouil,ஆயில்,<PAD>
santos,சான்டோஸ்,<SOS>
seithiyaalargalukum,செய்தியாளர்களுக்கும்,<SOS> ௌ ப ர
pudhumaigalai,புதுமைகளை,எ <PAD> த த
meemanjai,மீமாஞ்சை,<SOS> ் ஷ <SOS> ெ <SOS> ் <PAD> ற ற ்
padhivar,பதிவர்,ற ற எ
seluththappadavendum,செலுத்தப்படவேண்டும்,் ௌ எ
thoguppin,தொகுப்பின்,<UNK> <SOS> ் ் <UNK> வ <UNK> ற <UNK> வ ற ற
eduththirukkirathu,எடுத்திருக்கிறது,் ௌ ௌ <SOS> <SOS> க ெ ு ு ு ்
chudalai,சுடலை,<UNK>
yokkiyargalukku,யோக்கியர்களுக்கு,<PAD> ் ல ப க <SOS> <PAD> <PAD> <PAD> <PAD> க <PAD> <SOS> எ எ க ெ வ
ippothea,இப்போதே,<PAD> <PAD> ஷ <UNK> ற
anupiyullathu,அனுப்பியுள்ளது,ெ
leakin,லீக்கின்,<PAD> எ ் ஷ <UNK> ஷ ஷ க <PAD> <SOS>
anuraathapuram,அனுராதபுரம்,
oliparappittu,ஒளிபரப்பிட்டு,ெ ெ ெ வ <PAD> <PAD> <PAD> <PAD>
nanmaigalaip,நன்மைகளைப்,் எ எ எ ற
gooldain,கோல்டன்,<PAD> எ <PAD> <SOS> ற <SOS> எ க <SOS> <SOS>
uruvaakkaththirku,உருவாக்கத்திற்கு,
maraala,மரால,<PAD> <PAD> ெ ஷ ற <PAD>
santana,சான்டானா,<SOS> ் ் <SOS> ் <SOS> <PAD> எ ெ எ
paes,ஃபேஸ்,ற <UNK> <SOS> ற எ ெ
vikraman,விக்கிரமன்,க <SOS> ஷ ஷ ெ ற <SOS> க <SOS> <UNK> <PAD> எ
azhugai,அழுகை,
oruvar,ஒருவா்,
bayangaravaathigal,பயங்கரவாதிகள்,<PAD> ு ் ற த ஸ வ <UNK> ெ வ ஈ ஈ ெ ௌ ப ு ெ அ ல த
jappaanin,ஜப்பானின்,ெ ் ் ௌ ௌ ெ ெ எ <PAD> <UNK> <UNK>
bisiyaaga,பிசியாக,ற ஷ <PAD> ஷ <SOS> எ <PAD> <PAD> ெ ஷ ெ
wells,வெல்ஸ்,எ
pasukkalin,பசுக்களின்,ஷ ெ எ ௌ <PAD> ௌ <SOS> <UNK> வ ெ ் க
enggo,எங்கோ,ற ற <PAD> <PAD> எ
hempstead,ஹெம்ப்ஸ்டெட்,<SOS> ஷ வ ெ ெ ெ ௌ ் த ப த ப <UNK>
kidanthanar,கிடந்தனர்,<SOS> ் ் ் க ் <UNK> <PAD> ௌ ௌ ௌ எ வ
kuriththullaargal,குறித்துள்ளார்கள்,ற ஷ ப ெ ் ் ௌ ந த த
dae,டை,<SOS> <SOS> ெ ெ <PAD>
kadidhamum,கடிதமும்,் க <PAD>
alakiyaana,அழகியான,
sangaththai,சங்கத்தை,ஷ ஷ ௌ ௌ <PAD> ஷ ் ் <SOS> <PAD> <PAD> ௌ ௌ
thirunthiyirikkirar,திருந்தியிருக்கிறார்,க ஷ <SOS> ு ச ர ு ஷ த ர ஸ ு ் க
masuthiyai,மசூதியை,க க ் எ ஷ வ எ வ ் ெ க ெ
thogaiyaanthu,தொகையானது,ற க ஷ க வ
adhumattumalla,அதுமட்டுமல்ல,ல ௌ ௌ <SOS> வ <PAD> <PAD> <PAD> ெ <SOS> க <SOS> <SOS> <SOS> எ எ
odissi,ஒடிசி,<PAD> ெ <PAD> ெ ெ ெ ற
samapangku,சமபங்கு,<UNK> <UNK> <UNK> <UNK> ௌ ௌ ற க ற ெ ற <SOS>
kedaaiyaa,கெடாய்ய,<UNK> ஷ ஷ <UNK> ற ் ் <UNK> ௌ க ௌ
soazhargalukku,சோழர்களுக்கு,<SOS> <SOS> ் ல ்
aarppaattangal,ஆர்ப்பாட்டங்கள்,ப த த
dhakshinaamoorthy,தட்சிணாமூர்த்தி,க க ெ ற ப எ எ எ ் <SOS> <SOS> ந எ <SOS> ஷ ஸ <PAD> <SOS> ெ
kaithigalai,கைதிகளை,<PAD> <SOS> ஷ <SOS> <SOS> <UNK> <SOS> ௌ வ ௌ
pazhani,பழநி,ற <PAD>
seenitthovai,சீனித்தொவை,<SOS> ற ௌ ெ ெ ஷ ஷ ப ெ ப <SOS> த <SOS> ப
gaines,கைனெஸ்,எ ெ ெ எ <SOS> <SOS> ஷ ற
ezhuthiyirukkiraargal,எழுதியிருக்கிறார்கள்,ஸ ஸ
kakinada,காகினாடா,க
kidaikkaadhadhaal,கிடைக்காததால்,ெ ல ப ் <UNK> ௌ ௌ வ எ <SOS> ல வ ந
tayde,டேடே,
pirammaththai,பிரம்மத்தை,<SOS> ஷ ்
moolzhgadikkappatta,மூழ்கடிக்கப்பட்ட,ற <UNK> எ ந ப ப ஸ <PAD> <PAD> <SOS> ற ற வ ெ
kontirunta,உறங்கிக்,க ெ ெ ெ ற எ <UNK> ஷ ஷ
piraroodu,பிறரோடு,<PAD> <SOS> எ <SOS>
matkalangaley,மட்கலன்களே,வ <SOS> ற
kaaranamaagum,காரணமாகும்,<UNK> அ அ
ayiathimuka,அஇஅதிமுக,எ எ <SOS> ஷ <SOS> ் க <SOS>
loova,லோவ,<SOS> <PAD> ற <UNK> எ
meenkalaiyum,மீன்களையும்,எ <SOS> ஷ ஷ ஷ ் ் <SOS>
vakuththaal,வகுத்தால்,க வ க <UNK> எ ஷ
muthalvarai,முதல்வரை,வ க ஷ
kaattrae,காற்றே,<PAD> ஷ ் <PAD> எ ெ ் <SOS> ெ <PAD>
thalaynagaram,தலைநகரம்,ற வ <UNK> வ <SOS> ப ப அ எ ப வ <SOS> எ ப <UNK>
thiranaaligalukkaana,மாற்றுத்,ௌ ஷ ந <UNK> ெ ந ் ஸ ல <PAD> ு ு ச ற ற த அ எ அ ர க ்
atkinson,அட்கின்சன்,ௌ <PAD> <PAD> ெ ெ <SOS> ெ ெ எ <SOS> ஷ எ
yuuee,யூ,<PAD> <UNK> <PAD> எ ெ எ <SOS>
kurukkup,குறுக்குப்,் ெ
fertilizers,ஃபெர்டிலைசர்ஸர்ஸ்,் அ ஸ எ <UNK> ஈ <UNK> ந ந ல ௌ ௌ அ ல ் <SOS> க க ெ
lancaster,லான்செஸ்டர்,எ எ ் ௌ ் ௌ எ ் <PAD> எ ெ க க
kanavanathu,கணவனது,ெ ற ற <UNK> <SOS> <UNK> <PAD> <PAD> வ வ <SOS> <PAD> ்
thuruvam,துருவம்,எ எ
thulai,துளை,ற <UNK> <SOS> <SOS> எ எ <PAD> <SOS>
sarbia,செர்பியா,<SOS> ஷ க ் ஷ ் <UNK> க க
thunburuththal,துன்புறுத்தல்,ப <UNK> <UNK> எ <PAD> த ெ எ ஷ ற ெ க எ ெ ௌ ்
kampalattu,கம்பளத்து,<PAD> ௌ ஷ ஷ ௌ க
yoorik,யூரிக்,<PAD> எ எ
koottappatta,கூட்டப்பட்ட,<PAD> ் க க க ் <SOS> ஷ <SOS> <SOS> ப ற ற <PAD>
agachchiththarippu,அகச்சித்தரிப்பு,த ப அ <UNK> <UNK> ெ த
uraiyaadalgalai,உரையாடல்களை,அ ் ற அ ற
seyalpatatha,செயல்படாத,க ௌ <PAD> <SOS> <PAD> ப வ வ வ <UNK> ௌ ௌ ப எ
kaalakattaththil,காலகட்டத்தில்,ௌ <SOS> <UNK> எ எ ப <UNK> அ ஷ ஷ ஷ ஸ ல ல <UNK> வ வ வ
pesinen,பேசினேன்,ற <UNK> <UNK> <SOS> ் ற க க ஷ க
karuthippaarththu,கருதிப்பார்த்து,ஈ
rivas,ரிவாஸ்,எ ெ <SOS> ற <PAD> ற எ ற
arellano,அரில்லானோ,<PAD> க ் ஷ ௌ ௌ ௌ ஷ க ஷ <SOS>
symon,சைமன்,ற
saaradhigal,சாரதிகள்,் ் ஷ ெ ெ <UNK> <PAD> க ஷ <SOS> வ வ வ
vaethangkalil,வேதங்களில்,
seyalpaduthal,செயல்படுதல்,க <SOS> <PAD> <PAD> அ அ எ த வ வ த ஷ <UNK> ் அ
vendum,குளிக்க,எ <PAD> ஷ ெ ெ ெ எ <PAD> எ
ekapoakam,ஏகபோகம்,<PAD> <UNK> <PAD> ஷ <PAD> <SOS> <SOS> <SOS> ௌ ௌ ௌ
thankich,தங்கிச்,
therinthirunthavar,தெரிந்திருந்தவர்,ல
puunakariyil,பூநகரியில்,<SOS> <UNK> ெ எ ெ ் ் ் த ப க ெ <UNK> ்
porundhavillai,பொருந்தவில்லை,<PAD> <SOS> எ வ த த ற ற ௌ
pinvaanginaar,பின்வாங்கினார்,<UNK> ஷ <UNK> அ ப ப
koppai,கோப்பை,எ எ <PAD> <UNK> <UNK> <UNK> ஷ <UNK>
matravargalaith,மற்றவர்களைத்,வ எ ௌ வ ஷ <SOS> த ப ெ த ெ ெ <SOS> ெ <UNK> அ அ
weils,வெல்ஷ்,ஷ ெ <UNK> ஷ <UNK> எ எ ஷ
kilappi,கிளப்பி,ற ெ ெ <SOS> எ ற எ <PAD> <PAD>
varukinrana,உலா,
puratti,புரட்டி,<UNK> <UNK> ஷ
kalviyaandu,கல்வியாண்டு,<PAD>
naangalum,நாங்களும்,<UNK>
uruvaakkal,உருவாக்கல்,எ எ <PAD> ற எ ் ் ற
laal,ளால்,
varuvaay,வருவாய்,ற எ எ ெ ஷ <SOS> ெ <SOS>
poivittaar,போய்விட்டார்,
wheel,வீல்,<PAD> <SOS> <SOS> <SOS> <PAD> எ <SOS>
mishra,மிஸ்ரா,<PAD> ஷ ற <UNK> <UNK> <PAD> எ <PAD>
solren,சொல்றேன்,<UNK> ஷ ஷ எ எ <SOS>
kaividappadugiraargal,கைவிடப்படுகிறார்கள்,ல
seiyappattiruppaar,செய்யப்பட்டிருப்பார்,ல ல எ ல ச ஸ <SOS> த ் <UNK> ப வ க வ க க ஸ ர ச ச <SOS> ஷ
aarvaththaik,ஆர்வத்தைக்,<SOS> ௌ <UNK> த <PAD> ௌ ௌ ௌ த ௌ வ <SOS> ெ ெ
vaattara,வாட்டர்ஸ்,எ <PAD> ற ஷ ெ ெ எ ௌ ௌ எ எ
paantavarkalai,பாண்டவர்களை,எ ெ வ வ ற வ ல வ த ெ
pathikkaththaan,பதிக்கத்தான்,ௌ ௌ <PAD> <SOS> ஷ <PAD> ப ப ஸ ற ் ெ <UNK> ெ அ அ <UNK>
ezhuthiyulla,எழுதியுள்ள,ஷ
gudepu,குடேபு,ற ற
alambiththudaiththu,அலம்பித்துடைத்து,
kallurigazhum,கல்லூரிகளும்,<PAD> ற <SOS> <SOS> ௌ ௌ <UNK> <PAD> க வ <SOS> ஷ த த ௌ
deerfield,டீர்ஃபீல்டு,எ வ எ எ ஷ <PAD> <SOS> <SOS> ் ௌ
raentam,ரேண்டம்,
padigalin,படிகளின்,
isuzu,இசுசூ,<PAD> ற <PAD> <PAD> <SOS> <UNK> ெ
moorththikal,மூர்த்திகள்,ௌ <SOS> ெ <SOS> ெ க <SOS> ஷ ற ற ் க க ற
therkkilirundhu,தெற்கிலிருந்து,ௌ ௌ ஸ ஸ ஸ ற ் ப
laqchhami,லட்சுமி,<UNK> ெ ௌ ெ ெ எ <SOS>
valinadaththi,வழிநடத்தி,எ
emilie,எமிலி,
gardan,கார்டன்,<SOS> ஷ <UNK> <SOS>
santharppankal,சந்தர்ப்பங்கள்,
pirachurankal,பிரசுரங்கள்,ெ க வ எ <SOS>
kavalaiye,கவலையே,<SOS> <PAD>
ezhundhukkum,எழுந்துக்கும்,<UNK> வ ப <PAD>
gudd,குட்,<UNK> ற ற <UNK> <UNK> <UNK>
dasila,டசில்லா,<UNK> ெ ற
vetridaththil,வெற்றிடத்தில்,எ வ வ எ <SOS> <SOS> ௌ த
chennai,சென்னை,எ எ எ
unarndhirundhaan,உணர்ந்திருந்தான்,ந <PAD> ஷ ௌ <SOS> ற த <UNK> <UNK> <UNK> ந ெ ஷ க <PAD> அ க க
kelvih,கேள்விஃ,<SOS> <PAD> ஷ ெ <SOS>
texas,டெக்சாஸ்,ஷ ஷ <SOS> <SOS> ஷ எ <SOS> <SOS> க ்
matravargal,மற்றவர்கள்,க <SOS> ஷ ற <PAD> <PAD> ெ ெ ற ற <PAD> <SOS> <SOS>
adiyum,அடியும்,ெ எ எ எ <PAD> <PAD> எ <SOS> <SOS>
earkanavae,ஏற்கனவே,ற ற க
santhan,சாந்தன்,எ எ <PAD> <PAD> ெ ் ெ
wedik,வேதக்,ெ
kaavalthuraik,காவல்துறைக்,அ
thodarpalar,தொடர்பாளர்,க <UNK> <SOS> ெ <PAD> <SOS> ௌ ் ் வ வ க ௌ
karanamaakum,காரணமாகும்,
shimman,சிம்மன்,எ <PAD> எ எ எ <SOS> ஷ <SOS> எ
patrick,பேட்ரிக்,ற க ெ <SOS> ெ ெ ஷ ் <PAD> ்
lamb,லாம்ப்,<PAD> ற
balmer,பால்மெர்,ஷ ஷ <SOS> <SOS> <UNK> ் ஷ <PAD> <PAD> ற
vitum,கலந்து,<SOS> <SOS> <SOS> <PAD> <PAD> ஷ <SOS> ற
redding,ரெட்டிங்,<PAD>
kadidhangalum,கடிதங்களும்,ற ற ற ெ ற ஷ ெ <PAD> <PAD> த க எ <UNK> ் ்
birlasoft,பிர்லாஸாஃப்ட்,எ <UNK> ௌ வ வ த வ
sollappadupavargalum,சொல்லப்படுவர்களும்,ஸ <SOS> <PAD> <PAD> ற <UNK> <PAD> ௌ வ ௌ ர க ற க ற த வ வ ் ல ்
prabhoo,பிரபு,<PAD>
redwood,ரெட்வுட்,ஷ ற ்
kalra,கல்ரா,<SOS> எ ற ற <PAD> எ
napa,நபா,<PAD> ற ற <UNK> <PAD> <PAD>
nigazhchiyum,நிகழ்ச்சியும்,ௌ த ெ ஷ அ <UNK> ஷ எ <SOS> அ ற ் ற <PAD> ெ
mutiyala,முடியல,எ எ எ <SOS> <SOS>
perundhaabam,பெருந்தாபம்,<SOS> <PAD> ்
harres,ஹாரிஸ்,எ எ <PAD> <UNK> ெ <PAD> <PAD> <SOS>
solvathaga,சொல்வதாக,<PAD> ற <SOS> <SOS> <PAD> வ <SOS> <SOS> ஷ ஷ வ <PAD>
piramukar,பிரமுகர்,ெ <SOS>
idaodhikkeedu,இடஒதுக்கீடு,
vaelaigalum,வேலைகளும்,ப எ <SOS>
koottangalukku,கூட்டங்களுக்கு,ற <SOS> ் ப க ற <PAD> ெ அ அ ் ் ப ெ ் ஷ
mahaveerar,மகாவீரர்,ஷ ெ எ
bula,போலா,<SOS> <UNK> <SOS> <SOS> ெ ெ
aaivukku,ஆய்வுக்கு,
koottangalai,கூட்டங்களை,் ் ற எ ப வ எ
passaic,பசாய்க்,<SOS>
asoq,அசோகா,<UNK> <PAD>
gouuld,கோல்ட்,<SOS> <SOS> <SOS> <UNK>
ullatakkum,உள்ளடக்கும்,க <UNK> ் வ
thayaarippathundu,தயாரிப்பதுண்டு,அ <PAD> <UNK> ஷ ் வ ந ப ல ல ல ் ற ெ ஈ ற <PAD> ் எ
inththiyaavirkul,இந்தியாவிற்குள்,<SOS> <SOS> <SOS> ல அ
araku,அரக்கு,எ <SOS> <SOS> ெ எ
narambugalai,நரம்புகளை,் க த க ் <SOS> <UNK> <UNK> <SOS> <SOS> க க ் ்
panigalukkup,பணிகளுக்குப்,் ெ ஷ வ க வ த ற வ <SOS> <PAD> க எ ற
okay,ஓகே,<PAD> <PAD> <PAD> ற <SOS> ற
nigalvugazhaiyum,நிகழ்வுகளையும்,த <PAD> க எ ௌ ந வ ப ெ ல எ ல <PAD> <PAD> ௌ
irukkinroom,இருக்கின்றோம்,ெ
aazhthulai,ஆழ்துளை,<SOS> <PAD>
kalvikkaana,கல்விக்கான,ௌ ் ப ெ ப ெ ெ ௌ ெ
kovai,கோவை,<PAD> <UNK>
alaiyum,அலையும்,<PAD> ற எ <SOS> எ ஷ ற எ
kulithu,குளித்து,<SOS> ெ <PAD> <SOS> ் க <PAD> <UNK> ஷ
odisii,ஒடிசி,ற <SOS> <PAD> <UNK>
sedhamadaindhu,சேதமடைந்தது,ௌ அ க ஷ அ ற ௌ ௌ ௌ ெ <SOS> <SOS> வ அ
yeraalam,ஏராளம்,<PAD> எ
tokaiyin,தொகையின்,
arignargalinaalum,அறிஞர்களினாலும்,<UNK> த வ <SOS> <SOS> ௌ ஸ அ ஸ
cheyalmuraiku,செயல்முறைக்கு,ௌ க <SOS> <PAD> ற <PAD>
vidhiththu,விதித்து,<PAD>
kontiruntha,உறங்கிக்,
kuudum,கூடும்,எ <SOS>
thamizhakatthilirundhu,தமிழகத்திலிருந்து,<SOS> ப ௌ ப அ ஆ ற ப ல எ ர <PAD> ப ் க ப ஸ ல ச ந த ஈ ஈ ல
vilaiyaaduthal,விளையாடுதல்,<PAD> ப ஷ வ <PAD> ெ ௌ <SOS> <SOS> <SOS> க வ
maddox,மட்டோக்ஸ்,<SOS> <SOS> எ <SOS> எ <SOS> <UNK> ற ற <SOS> ஷ
vaangguthal,வாங்குதல்,ஷ ற ் ஷ <PAD> <PAD> க ெ ௌ ற ஷ ஷ <SOS>
cheyn,செயின்,<UNK> ெ ற <SOS> ஷ ற ற எ
puriginrana,புரிகின்றன,ெ <SOS> ஷ ப <SOS> ௌ ஷ ௌ எ ௌ வ <SOS> <PAD>
aathmaa,ஆத்மா,ஷ ெ ற <PAD> <PAD> எ <PAD> எ எ
kitantanar,கிடந்தனர்,் ஷ ஷ ் ெ ௌ ெ க ் ெ ௌ க
kettathu,கேட்டது,
alavugal,அளவுகள்,
ganeebaa,கனீபா,<SOS>
kidaikkinra,கிடைக்கின்ற,<PAD> <UNK> ெ ் <UNK> எ எ வ <PAD> <UNK> <UNK> எ <UNK>
seetu,சிட்டு,<SOS> <SOS> <UNK> <UNK> <UNK> ஷ <SOS>
syriyap,சிரியப்,ஷ <SOS> ஷ <UNK> <PAD>
masuuthiyai,மசூதியை,<PAD> ௌ ௌ எ <UNK> ௌ ற ௌ <SOS> ஷ ஷ ெ ப
akkanitha,அக்கணித,ெ ஷ ஷ க க
jallian,ஜாலியன்,<UNK> <PAD> <PAD> எ ் எ ஷ ற
yerpaduvathudan,ஏற்படுவதுடன்,<PAD> <UNK> ெ ஷ ் த <UNK> ஸ <PAD> <PAD> வ <PAD> ் ௌ ௌ ௌ வ
ahmedabadil,அகமதாபாத்தில்,ெ வ <PAD> <SOS> த அ ஷ ற ப ஷ <UNK> க ் எ க
ennaa,என்னா,ெ ெ <UNK> <PAD> <SOS> <SOS> ெ
saraikela,சரைகேலா,க ற ் ற க ௌ க ெ ெ <SOS> <UNK>
veliyaagiyirundhaal,வெளியாகியிருந்தால்,் ் ற அ
valanguvathai,வழங்குவதை,எ ற எ <SOS> அ அ ெ <SOS> <SOS> த <SOS> ெ <SOS> ெ ஷ
rishiraj,ரிஷிராஜ்,ஷ
mandaavar,மண்டாவர்,் <UNK> <PAD> ்
nawin,நவீன்,எ <UNK> <SOS> <SOS> <SOS> <UNK> <UNK>
venmaippuratchiyin,வெண்மைப்புரட்சியின்,ல <SOS> ஷ ல ல ல ஸ அ ெ ல <PAD> க ு ் ு ஸ ௌ <SOS> ல <SOS> ஸ
thalaivarai,தலைவரை,ப <PAD> <SOS> ஷ க ௌ <UNK>
suvaachiththirukkum,சுவாசித்திருக்கும்,ற ல ர ௌ ல ு ற ற <PAD> ு ஸ
vadamaagaana,வடமாகாண,எ ெ ெ க ஷ <PAD> <PAD> எ ஷ ற ற <PAD> <SOS> ்
nyaayirandru,ஞாயிறன்று,எ ெ ற எ <PAD> வ <PAD> <PAD> த ற ௌ ப ெ ெ
cankath,சங்கத்,<PAD> ற ற <SOS> ் ெ ெ <PAD> ெ
iraingaaname,இறைஞானமே,ெ <PAD> ் ெ
kolupil,கொழுப்பில்,ௌ <UNK>
nadunilaip,நடுநிலைப்,ஷ <UNK>
webster,வெப்ஸ்டர்,் ் ெ ெ <SOS> <SOS> ெ ஷ க க ௌ
ramon,ரமோன்,எ ெ
vaakanangkalin,வாகனங்களின்,<UNK> க ஷ க ஷ ப வ வ <PAD> ௌ வ த த வ ல ல
kaalanigal,காலணிகள்,<UNK> <PAD> <PAD> ௌ க ௌ ௌ
aanthai,ஆந்தை,<SOS> <PAD> ெ ெ ் ற ் ற ஷ
avarooda,அவரோட,் <SOS> <SOS> <UNK> ற ற <PAD> ற ஷ ்
mcdowell,மெக்டோவெல்,ௌ ் <PAD>
seiyyappattapothu,செய்யப்பட்டபோது,் எ த வ <SOS> ந <SOS> க க எ எ எ ் வ <SOS> <SOS> <UNK> எ ப
pugaaril,புகாரில்,<SOS> <SOS> ற க க
sengkuththaana,செங்குத்தான,
magatha,மகத,
infraprojects,இன்ஃப்ராபிராஜெக்ட்ஸ்,ல <PAD>
vanurti,உலங்கு,
thadangkalil,தடங்களில்,<UNK> <SOS> <UNK> எ ் எ <PAD> எ எ ெ த த ் வ
kulaththirku,குளத்திற்கு,் <SOS> த க
durgai,துர்க்கை,ெ ஷ <PAD> எ எ க ஷ எ ெ <UNK>
bee,பீ,<SOS> <PAD> <SOS> <PAD> <PAD>
kabulil,காபூலில்,<UNK> <PAD> ற <UNK> <UNK> எ ஷ ற <UNK> <SOS>
madala,மடலா,
shashthrigal,சாஸ்திரிகள்,வ ப <PAD> ெ க க வ ற ற வ ற <PAD> <PAD> <PAD>
nadandhabothu,நடந்தபோது,எ அ எ <PAD> <PAD> <SOS>
raenjch,ரேஞ்ச்,் <PAD> <PAD> <SOS> ற <UNK> ற ற <PAD>
kolhapur,கோலாபூர்,<UNK> <UNK> ஷ <SOS> ் <SOS> <SOS> ஷ ற ற
irusakkara,இருசக்கர,ஷ <SOS> <UNK> <SOS> ஷ ஷ <UNK> <UNK> எ ௌ ௌ வ
church,சர்ச்,ற <SOS> ெ
velip,வெளிப்,<PAD> ஷ ற <SOS> <PAD>
asramm,ஆசிரமம்,ெ ெ ஷ ் ற ெ ற ் <PAD>
overgal,ஓவர்கள்,ஷ ஷ <SOS>
nalliravu,நள்ளிரவு,எ எ <SOS> க <PAD> <UNK> ் ெ க ்
baarathiyaar,பாரதியார்,<UNK> ெ <UNK> <UNK> <SOS> ௌ ெ <SOS> ெ <SOS> <SOS> <SOS> <PAD> ப
athishta,அதிஷ்ட,<SOS> <PAD>
poaraan,போரான்,ற ் <UNK> எ <SOS> <SOS> <SOS> எ ற
vaerldu,வேர்ல்டு,ற <PAD> ெ <PAD> <PAD> <UNK>
glycols,க்ளைகால்ஸ்,ற வ ெ எ ஷ ௌ எ ௌ <SOS> வ வ வ
ariyum,அறியும்,ெ
swamigalaippatri,சுவாமிகளைப்பற்றி,ஸ <SOS> ஸ ஸ க ௌ
seyint,செயிண்ட்,் ற <SOS> ற க <SOS> <SOS>
bareli,பரேலி,<SOS> ெ <SOS> <SOS> ஷ <PAD> எ ற
vaangavum,வாங்கவும்,க <UNK> ெ எ க <SOS> <SOS> <SOS> ் க க
edukkumaaru,எடுக்குமாறு,ெ க ஷ <SOS> ற எ ற ற ப ஷ <PAD> ஷ
kandippa,கண்டிப்பா,எ ற
madgaon,மட்காவுன்,எ ் க எ <UNK> ெ
uththiyogaththil,உத்தியோகத்தில்,் ௌ ௌ <SOS> வ வ <UNK> ற ற எ <SOS> <SOS> ௌ ப ற ெ <PAD> த
pukazhpettravai,புகழ்பெற்றவை,ல <SOS> <SOS> ற ல ெ ஸ ௌ ் ற க வ ஸ ஸ <PAD>
tinsukia,டின்சுகியா,க <UNK> <UNK> க
ashraf,அஷ்ரஃப்,எ <PAD> ற ற ஷ ற <UNK> ெ ெ
porulaagaum,பொருளாகும்,ப வ ் ெ க <PAD> எ ௌ ெ <UNK> <SOS> ெ ெ
akaththi,அகத்தி,<PAD> <PAD> எ <PAD> <PAD> ் ெ <UNK> <UNK> க
seyyulgal,செய்யுள்கள்,ௌ எ ற எ ஷ <PAD> ெ ௌ ற ௌ <SOS> <SOS> <UNK>
oottappattullaarkal,ஊட்டப்பட்டுள்ளார்கள்,ப ஈ ஸ ந எ எ <UNK> <SOS> <SOS> ஷ ஸ <PAD> ஷ ற <UNK> ெ ப ௌ எ ு ல ல
vaiththiyam,வைத்தியம்,<UNK> ஷ ஷ க எ வ
matravargalthaan,மற்றவர்கள்தான்,ஷ ற வ ்
aegis,ஏஜிஸ்,ெ எ ெ <SOS> ற <SOS> <SOS>
adangkiyulla,அடங்கியுள்ள,ஷ
appothe,அப்போதே,ெ ெ ் <PAD> <PAD> ஷ ஷ ஷ ஷ
young,யங்,<UNK> <SOS> எ ற எ <UNK> <PAD>
bhopal,போபால்,<PAD> <SOS> ஷ எ ஷ ற <SOS> <SOS>
aangalaik,ஆண்களைக்,ற ஷ <UNK> <SOS> ற ஷ ் ஷ <UNK> எ <PAD>
panigalin,பணிகளின்,் <SOS> ஷ <PAD> எ <SOS> ௌ ற <UNK> ற <PAD>
moody,மூடி,<SOS> <UNK> <UNK> ற ற <SOS> எ
azhaga,அழகா,<UNK> <SOS> <UNK> <UNK>
hendrix,ஹென்ட்ரிக்ஸ்,ஷ க <UNK> ௌ
kannoottatthil,கண்ணோட்டத்தில்,<PAD> <SOS> த ் ல எ அ ஷ <SOS> அ அ <PAD> அ அ ஷ க
yakima,யகிமா,ெ <PAD> ற
saunders,சௌந்தர்ஸ்,
kulanggalaiyum,குளங்களையும்,<PAD> ெ ல <PAD> <SOS> ல ல ஷ ல அ ௌ <SOS>
joliet,ஜோலியட்,எ <SOS> ஷ <PAD> ற எ <SOS> ெ எ
valakkukalukku,வழக்குகளுக்கு,க க <SOS> அ வ ப <PAD> எ எ க <SOS> <SOS> வ வ வ க
kurdu,குர்து,ஷ <UNK> எ <SOS> <PAD> <SOS> <PAD> எ
thompson,தாம்ப்சன்,ற <SOS> ஷ ெ <PAD> <PAD> ஷ <SOS> ெ
ariviththirunthathu,அறிவித்திருந்தது,ௌ <PAD> ல ௌ ல ற எ ு ௌ ர ர ௌ ல வ ஸ ு ெ க ஷ ல ர
viil,வீல்,<SOS> <SOS> <SOS> <UNK> ெ ற
kavali,கவலை,
malarkalaiyum,மலர்களையும்,ெ த ௌ எ ஷ ஷ ்
budaun,புதான்,<SOS> <PAD> <SOS> <PAD>
nanmaikal,நன்மைகள்,
naangalaum,நாங்களும்,<UNK> <UNK>
twin,ட்வின்,<PAD> <UNK> <UNK> எ <SOS> <SOS> எ
antioch,ஆன்டியோச்,<SOS> <SOS> க க ெ <UNK> எ ெ ் எ ெ
veliyidappadavillai,வெளியிடப்படவில்லை,ஷ ஷ ஷ ற ஸ ஈ எ ெ ஸ <PAD> ு <SOS> ு <PAD> ு <PAD> க <UNK> ற ௌ ர
pandavargalil,பாண்டவர்களில்,த வ <UNK> எ ் <SOS> ஷ ஷ ற ப ெ
alam,ஆலம்,<SOS> <SOS>
sadaamudiyan,சடாமுடியன்,<PAD> <UNK> ஷ க எ எ <UNK> எ ஷ வ <PAD> <PAD> <PAD> <SOS>
parakkum,பறக்கும்,் <SOS> <SOS> ் ற ஷ <UNK> <UNK>
saaiman,சைமன்,<SOS>
valarppaith,வளா்ப்பைத்,
adadaa,அடடா,
maadhangalilume,மாதங்களிலுமே,ஸ <PAD>
yookam,யோகம்,<PAD> <PAD> ற ஷ <PAD>
kurainthae,குறைந்தே,ஷ <PAD> ௌ <SOS> எ <SOS> ்
tiwari,திவாரி,<PAD> எ ெ ெ ெ ற <UNK> <UNK>
padaiyaniyum,படையணியும்,<SOS> த ஷ <PAD> <PAD> வ ஷ <PAD> த க வ ெ எ <SOS>
palu,பளு,
sangamaga,சங்கமாக,ற <SOS> ற <UNK> <UNK> ெ ெ <PAD> க க
muraimaikalai,முறைமைகளை,<SOS> <SOS> ற ற ் க அ அ ப வ ற ப எ
paduththiya,படுத்திய,ெ <SOS> <UNK> ஷ ற ெ ெ
vealaiyaiyum,வேலையையும்,் எ க எ எ <SOS> <SOS> <SOS> ெ <SOS> <SOS> <SOS> <SOS> ற
seiyappattiruntha,செய்யப்பட்டிருந்த,<SOS> <PAD> ் <UNK>
ataher,அடஹெர்,ெ <PAD> ெ ற <SOS> <PAD> எ எ
neeroattaththil,நீரோட்டத்தில்,எ ஸ
seiyalattiryavargalaiyum,செயலாற்றியவர்களையும்,அ
avathikullaakuvaar,அவதிக்குள்ளாக்குவார்,ு ு <SOS> ற <PAD> <SOS> அ ௌ ெ எ ு க ஈ ு எ த ெ ெ வ வ எ ந
adiittii,அதிதி,ெ <PAD>
esuppaaniya,எசுப்பானிய,எ
chuttik,சூட்டிக்,ஷ ் <UNK> எ எ க <SOS> க ் <SOS>
munaipunilaiyaaga,முனைப்புநிலையாக,<PAD> க அ ற ஷ க க ௌ ஈ
piramaandamaana,பிரமாண்டமான,் ் ௌ ௌ ெ ெ எ ற <PAD> த <PAD> ௌ க <PAD> <PAD> <PAD> ப
communications,கம்யூனிகேஷன்ஸ்,வ ல க ஷ
polaagivittadhey,போலாகிவிட்டதே,ந அ க ௌ ப வ ந <UNK>
nuraiyeeral,நுரையீரல்,ற <UNK> <PAD> <PAD> <PAD> எ
inraikkum,இன்றைக்கும்,<SOS> <SOS> ப எ க எ க ் ெ <SOS> <SOS> ௌ ெ
sandhiya,சந்தியா,
saemikkappattullathu,சேமிக்கப்பட்டுள்ளது,் ெ அ எ <SOS> ு த த ு ஷ ல ஷ ஷ ஷ ச ஷ <UNK> ஈ ல ல ௌ ற
shaji,ஷாஜி,<PAD> <UNK> <PAD> எ ெ ெ <PAD>
neemuch,நீமச்,ெ <PAD> <PAD> <SOS> எ எ <SOS> <SOS> <SOS>
yekspoa,எக்ஸ்போ,ஷ எ ் ற <PAD>
arundhivittom,அருந்திவிட்டோம்,த
pannividuvaargalo,பண்ணிவிடுவார்களோ,<PAD> ப க க ல ் <PAD>
siththaantha,சைவ,
kavalaiyil,கவலையில்,<PAD> <PAD>
forest,ஃபாரெஸ்ட்,
gupta,குப்தா,எ <UNK> <UNK> <UNK> ற ெ எ ெ
padaththaiyum,படத்தையும்,எ ப <PAD> ப <SOS> வ ப
kuuttankalin,கூட்டங்களின்,க வ <UNK> ் ௌ ெ <PAD>
poattiyaandahu,போட்டியானது,<UNK> <UNK> ஷ த ல த ல ௌ ௌ வ த <SOS> ப ௌ ௌ <UNK>
thiran,திறன்,எ
kkalin,க்களின்,ற <SOS> ற எ ஷ <UNK> <UNK> ெ <PAD>
daiie,டை,<PAD> ெ <SOS> <PAD> <UNK> எ <SOS>
padaithan,படைத்தான்,எ <SOS>
peraniyil,பேரணியில்,<PAD> ௌ <SOS> <PAD> <SOS> <SOS> ் ஷ
microsaaft,மைக்ரோசாப்ட்,் ஷ ப க ் எ ௌ ெ ப க க க <UNK> ்
mcclain,மெக்லன்,ற
pattakaararaana,பட்டகாரரான,
ithevealai,இதேவேளை,<UNK> ஷ ெ ் க <UNK> எ எ ற ் <UNK> <UNK>
vaippaargal,வைப்பார்கள்,<UNK> க <UNK> ் ப ப
naanaa,நானா,
nilainiruththum,நிலைநிறுத்தும்,<PAD> ற வ <PAD> <PAD> அ அ அ <SOS> ஷ ப க அ <UNK> ப <PAD> <PAD>
asooka,அசோகா,<UNK> <PAD> <SOS> <UNK> எ ெ ெ <UNK>
serndhu,சேர்ந்து,<UNK> <SOS> ெ <SOS> <SOS> க க <SOS> <SOS> <SOS>
medizensar,மெடிசென்ஸார்,<UNK> ற ப த ஷ ் க <SOS> <SOS> வ த க ் வ
nokkiye,நோக்கியே,்
nadanthaalpothum,நடந்தால்போதும்,வ வ <SOS> <PAD> <PAD> வ வ ் ல <PAD> ஷ ல ந வ ் ல <SOS> ந
murlidhar,முர்ளிதர்,ற <UNK> <SOS> க ஷ
malhotra,மல்ஹோத்ரா,் <PAD> எ ெ ெ <UNK> ஷ
doorling,டோர்லிங்,<SOS> எ க ெ எ ் ் எ <PAD>
appaatal,அப்பாடல்,ற ஷ <PAD> ் ஷ க க <UNK> ் <SOS>
stanton,ஸ்டன்டான்,ௌ ஷ எ எ
nerukkam,நெருக்கம்,் <PAD> ெ எ ற ெ ௌ ஷ ஷ எ ௌ
aagivitum,ஆகிவிடும்,எ ற ெ ௌ க <UNK> <UNK> ஷ ஷ ஷ <UNK>
nadhe,நாதே,எ <SOS>
uyirmai,உயிர்மை,<PAD> ஷ <PAD> ஷ ற <SOS> <SOS> ெ எ
holidays,ஹாலிடேஸ்,<SOS> எ <UNK> ற <PAD> <SOS> ற ஷ ஷ <SOS>
quantumm,குவாண்டம்,ஷ ்
odisha,ஒடிசா,ற ற <PAD> ெ ெ ஷ ஷ
samayththa,சமைத்த,<PAD>
ethuvaaka,எதுவாக,ற ற <SOS> <UNK> <UNK> <PAD> <PAD> <PAD> <PAD> ெ
tharavai,தரவை,<SOS> எ
maheshwari,மஹேஸ்வரி,<UNK> எ <SOS> ் ெ ் ௌ ற ஷ <UNK> ௌ <SOS>
vazhi,நல்ல,<PAD> ெ <PAD> எ <PAD> எ ெ
rswm,ஆர்எஸ்டபிள்யூஎம்,ப ற ஸ ெ ல க <UNK> வ ஷ <SOS> <PAD> ௌ <PAD> ல <PAD> <PAD>
thamiram,தாமிரம்,<PAD> ற ற ற க ெ ெ ஷ ற க
vittuvaiththirundhaar,விட்டுவைத்திருந்தார்,் த ஷ ஸ ந ந
parimaatramum,பரிமாற்றமும்,ஷ க ெ ் <SOS> வ ௌ த அ ப
pannum,பண்ணும்,எ எ <PAD> <SOS> <PAD> எ ெ எ ற
davangere,தாவங்கரே,ெ ெ <SOS> ் <UNK> <UNK> ௌ ஷ க <PAD> <SOS>
theeni,தீனி,<SOS>
raymond,ரேமண்ட்,<UNK> எ <PAD> எ
visaikalai,விசைகளை,ெ ெ <UNK> ற <SOS> ௌ ௌ <PAD> ெ
munger,முங்கர்,ஷ ஷ ற ற <UNK> ஷ <UNK> <PAD> <UNK>
vilaiyaadik,விளையாடிக்,
chirutai,சீருடை,
paduththiyullathu,படுத்தியுள்ளது,ல <SOS> ஸ ் ஷ ஷ அ <UNK>
thandanaiyilirunthu,தண்டனையிலிருந்து,க ல ு ் ு
alavukatandhdha,அளவுகடந்த,<PAD> ற ெ ப <SOS> ல ஷ ஸ அ <UNK> <UNK> ற
kavalaippadum,கவலைப்படும்,ெ <SOS> க <UNK> <UNK> த <UNK> ப <UNK> <UNK>
ivvaiyellaam,இவையெல்லாம்,த க எ <SOS> ஷ ஷ த <SOS> ஷ ் <PAD> ஷ ௌ ஷ
maalik,மாலிக்,<UNK>
santharppankalai,சந்தர்ப்பங்களை,க <PAD> ந ந ந
munmaadhiri,முன்மாதிரி,ௌ
puuna,பூனா,<SOS>
bhalla,பல்லா,ெ <SOS> <SOS> ஷ
mugaamgal,முகாம்கள்,ற ற <PAD> எ ௌ <PAD> க எ எ <SOS> ற
garrison,காரிசன்,க
uruyaagak,உறுயாகக்,எ எ ஷ
aangalitam,ஆண்களிடம்,் <SOS> ௌ ௌ ௌ ௌ எ ஷ க க <PAD> எ
akzo,அக்சோ,ற
mumbai,மும்பை,<SOS> <PAD> ெ <UNK> <UNK> <UNK> ஷ <PAD>
vadikal,வடிகால்,்
vealaiyin,வேலையின்,<PAD> ் <SOS> ற ௌ <SOS> ் ெ க எ க
sundhari,சுந்தரி,எ எ ெ <UNK> <UNK>
pogap,போகப்,<SOS> <UNK> <SOS> ெ <UNK>
gauuld,கோல்ட்,<PAD> <PAD>
aadugalil,ஆடுகளில்,<PAD> <SOS> எ ் ெ ஷ <PAD> க ஷ ஷ <UNK>
en,ஆன்,ெ
thondriyathaal,தோன்றியதால்,வ க <SOS> <SOS> <SOS> க ் ெ க ௌ ௌ <SOS> <PAD> <PAD> <PAD> க
aggarwal,அகர்வால்,ஷ ற <SOS> <SOS> <UNK> ஷ ஷ <SOS> ் <PAD>
uruppugalukkum,உறுப்புகளுக்கும்,ற <PAD> ல ஸ ஷ ௌ
thalangkalil,பிற,ஷ ப க எ எ ப
inaiyaanadhu,இணையானது,ெ <UNK> ெ எ <UNK> ெ வ
himachal,ஹிமாச்சல்,ெ ெ ற ெ <PAD> <PAD> ற ற ௌ <SOS> <SOS>
pakthargal,பக்தா்கள்,
thiruvarangkam,திருவரங்கம்,க ெ வ ெ எ ் ் <UNK> ல <SOS> க வ ் ப க
uyilil,உயிலில்,
paarppavar,வேலைப்,
virathanggal,விரதங்கள்,
thoatruviththu,தோற்றுவித்து,ல ெ ெ எ <PAD> ப ற ற ற ப <UNK> ௌ ப த ல ல
sattruth,சற்றுத்,<PAD> ற ற க க <SOS> ற ெ ் <PAD>
bisht,பிஷ்ட்,ற ற <UNK>
matrtravargalaiyum,மற்றவர்களையும்,<PAD> ஈ ஈ ௌ அ ் <SOS> <SOS> ல
vattiyai,வட்டியை,
bidar,பிதார்,<UNK> <PAD> <UNK> <UNK> <UNK> <UNK> ஷ
blue,புளூ,
aandilirunthu,ஆண்டிலிருந்து,ெ த ௌ ௌ ் ஷ ௌ ௌ வ <UNK> <UNK> <SOS> <UNK> ற <UNK>
nathiyaiyum,நதியையும்,
kooppai,கோப்பை,ற எ <UNK> ஷ ் ெ <UNK> எ <PAD>
seyin,செயின்,<SOS> ெ <SOS> ெ எ ஷ
cardenas,கார்டினாஸ்,் க <PAD> <SOS> <SOS> க ெ க ெ ௌ ற <UNK>
yaddanapudi,யட்டனபுடீ,் ற ் <SOS> ெ வ ஷ எ ப ் க
aurangabad,அவுரங்காபாத்,த ப <UNK> ற <UNK> <PAD> ப ப ெ வ த த ் <PAD>
neettippu,நீட்டிப்பு,ஷ <SOS> ் ஷ ற <UNK> எ வ வ ௌ <PAD>
panigalukku,பணிகளுக்கு,<SOS> ் <SOS> <SOS> க <PAD> வ <SOS> ஷ ற <PAD> <PAD> <SOS>
perugiyathu,பெருகியது,ௌ
vaakkuruthu,வாக்குறுதி,ப ப ெ ெ ் <SOS> <SOS> <PAD> <PAD> வ வ ப
raanuvaththirku,ராணுவத்திற்கு,ௌ ஷ <SOS> ௌ த எ எ ் க க
adhaavadhu,அதாவது,ஷ <SOS>
vidukkappattulathu,விடுக்கப்பட்டுள்ளது,
imili,எமிலி,<PAD>
amerikkarkal,அமெரிக்கர்கள்,ெ ற ெ த ெ வ <PAD> வ ௌ ௌ ௌ
maiyamaakavum,மையமாகவும்,
paanam,பானம்,<SOS> <UNK> <UNK> <UNK> எ ற ெ ெ
pilaiyaaka,பிழையாக,<PAD> ற <UNK> க <SOS> ஷ ஷ ற <PAD> க ௌ க
moines,மோன்ஸ்,எ ற ற ற
yooe,யூ,<SOS> <UNK>
chhateja,ச்சடேஜா,ற ஷ ற ெ
aan,ஆன்,
kaithiyin,கைதியின்,<SOS>
nokkik,நோக்கிக்,
senjchi,செஞ்சி,ற ற <SOS> ஷ <SOS>
poruppaettru,பொறுப்பேற்று,ப ற ் ஷ ப <SOS> எ ப <PAD> ெ <PAD> எ எ எ
glaxosmithkline,க்ளேக்ஸோஸ்மித்க்ளின்,ெ ஸ ந ந ஸ ு ல ஸ வ த ச ப ப <UNK> ல ச <PAD> <PAD> ் <UNK> <UNK> ல
munechcharikkai,முன்னெச்சரிக்கை,க க ற ல த க ஷ ப ் க
mugaamai,முகாமை,எ <PAD> ் எ எ எ
kadavulkalin,கடவுள்களின்,ௌ ௌ ௌ ௌ <UNK>
mikkavar,மிக்கவர்,ஷ <PAD> <SOS> <SOS> ்
naeyargal,நேயர்கள்,ௌ
irukkumpoathu,இருக்கும்போது,<PAD> க அ <PAD> ப ெ வ
kuutamum,கூட்டமும்,எ ற <PAD> ெ ் <UNK> <UNK>
pandri,பன்றி,எ <SOS> எ எ <SOS> ெ <UNK> ற
pithappai,பித்தப்பை,<SOS> <SOS> எ
vazhikattral,வழிகற்றல்,க ் ப எ <PAD>
thousand,தௌசண்ட்,எ ற ெ <PAD> <PAD> ் ் <PAD> <SOS> எ
uyarnilaip,உயர்நிலைப்,க க ற ் <PAD> <SOS> எ <UNK> எ <PAD> <PAD> க
othara,இதர,எ ற <SOS>
peruvathargaaga,பெறுவதற்காக,ற எ <SOS> ் அ அ
kooravum,கூறவும்,க
